x,y,z,xt,yt,zt
-0.307342, -0.323557, -1.358591, 0.0000000, 0.0000000, 0.0000000
-0.520378, 0.020753, -0.973123, -0.0104442, 0.0310007, 0.1299631
-0.414950, 0.027814, -0.986561, 0.0132946, -0.0454493, -0.3279751
-0.743873, -0.358087, -1.389050, 0.0015591, 0.0098685, 0.1666069
-0.341993, -0.287443, -1.327984, 0.3252856, -0.0269533, -0.1556791
-0.450472, -0.030236, -1.014816, 0.2719014, -0.0283549, -0.1678238
-0.483040, -0.020573, -1.006928, -0.3137441, 0.0199124, -0.1376509
-0.370537, 0.228171, -0.797901, 0.2119614, -0.0273305, -0.1376570
0.026375, 0.225409, -0.810852, 0.3191776, -0.0082013, -0.1399311
-0.108239, 0.063424, -0.875156, 0.2681934, -0.0194589, -0.1390336
-0.337514, 0.206004, -0.829013, -0.3288670, -0.0104650, -0.1092471
0.002819, -0.043516, -0.889524, -0.3540285, -0.0166324, -0.1052416
-0.320020, -0.164505, -1.080236, 0.2413955, 0.0004289, -0.0534280
-0.156637, -0.316352, -1.313343, 0.2791562, -0.0033176, -0.0647916
-0.134222, 0.088189, -0.754264, 0.2103787, -0.0040769, -0.0723292
-0.036910, 0.234482, -0.801718, -0.0537566, -0.1845229, -0.0314634
-0.087803, 0.260586, -0.781122, -0.0556249, -0.2480788, -0.0160006
-0.178303, 0.202314, -0.804302, -0.0561977, 0.2265659, -0.1069598
-0.478075, -0.354758, -1.351742, -0.0525157, -0.2093334, 0.0013628
-0.338155, -0.392332, -1.445892, -0.0652100, -0.1405191, -0.0340309
-0.102705, -0.076280, -1.001030, -0.0317097, 0.1418735, -0.0721501
-0.207828, -0.030848, -0.933010, -0.0322110, 0.1336183, -0.0734357
-0.166405, -0.211487, -1.191718, -0.0407213, 0.0992363, -0.0563786
-0.134709, 0.254558, -0.765271, -0.0382078, 0.0848962, -0.0439435
-0.267322, 0.232335, -0.768569, , , 
-0.390168, 0.009923, -0.957034, , , 
-0.295373, -0.310333, -1.303748, , , 
-0.333186, 0.208990, -0.780853, , , 
-0.233726, -0.013709, -0.858434, , , 
-0.013554, 0.043724, -0.883676, , , 
-0.029027, 0.032579, -0.877149, , , 
-0.069719, 0.101841, -0.809074, , , 
-0.052772, -0.145558, -1.108114, , , 
-0.134778, -0.390480, -1.353159, , , 
-0.158253, -0.218474, -1.092132, , , 
-0.075431, -0.341479, -1.355619, , , 
-0.162059, 0.027737, -0.914595, , , 
0.279686, 0.191404, -0.736136, , , 
-0.042217, -0.298301, -1.267498, , , 
-0.094867, -0.384978, -1.372867, , , 
-0.178986, -0.443155, -1.426412, , , 
-0.332349, 0.131527, -0.837181, , , 
-0.344013, 0.048996, -0.925634, , , 
-0.328307, 0.033695, -0.927990, , , 
-0.122192, 0.088380, -0.847138, , , 
-0.062226, 0.027878, -0.831568, , , 
-0.089852, 0.269698, -0.712483, , , 
-0.132097, 0.258882, -0.735685, , , 
-0.012694, 0.204031, -0.792228, , , 
-0.454379, -0.338294, -1.284715, , , 
-0.331038, -0.124957, -1.000631, , , 
-0.446968, -0.085620, -1.036088, , , 
-0.454687, -0.285832, -1.253336, , , 
-0.455177, -0.309141, -1.313432, , , 
-0.446965, -0.170403, -1.149714, , , 
-0.001450, -0.161027, -1.174411, , , 
-0.078229, -0.222116, -1.199104, , , 
-0.232591, -0.264009, -1.253907, , , 
0.146999, -0.049666, -0.993178, , , 
-0.124197, -0.277287, -1.230454, , , 
-0.132254, 0.062423, -0.744907, , , 
0.058675, 0.067941, -0.931284, , , 
-0.058506, 0.063145, -0.810050, , , 
-0.368621, 0.005055, -0.952186, , , 
-0.015788, -0.172141, -1.135180, , , 
-0.135148, 0.056534, -0.685722, , , 
-0.232785, 0.111635, -0.747478, , , 
0.025324, 0.220753, -0.791910, , , 
-0.401831, 0.150752, -0.832210, , , 
-0.128765, 0.083476, -0.726279, , , 
-0.169161, -0.282852, -1.254749, , , 
0.312205, 0.029945, -1.231053, , , 
-0.096597, 0.014055, -0.832572, , , 
-0.117360, -0.032030, -1.116349, , , 
-0.103968, 0.060100, -0.840096, , , 
-0.159487, 0.025928, -0.907079, , , 
-0.344380, 0.248970, -0.735697, , , 
-0.323536, 0.197964, -0.796995, , , 
-0.181383, 0.134581, -0.717612, , , 
-0.453386, -0.337143, -1.280013, , , 
-0.540234, -0.322491, -1.251000, , , 
-0.323864, -0.375142, -1.385822, , , 
-0.266749, -0.343671, -1.339431, , , 
-0.085740, -0.062905, -1.003095, , , 
-0.046743, -0.296452, -1.261200, , , 
-0.158018, -0.201678, -1.133975, , , 
-0.290853, 0.191575, -0.799736, , , 
0.170160, -0.009832, -0.950454, , , 
-0.450031, -0.303774, -1.293131, , , 
-0.068324, 0.024288, -0.840045, , , 
-0.403105, 0.124403, -0.837446, , , 
-0.581324, -0.309699, -1.212327, , , 
-0.426113, 0.029865, -0.899173, , , 
0.105459, -0.021268, -1.007988, , , 
-0.434412, -0.032753, -0.985266, , , 
-0.334550, -0.173768, -1.057309, , , 
-0.599467, -0.398290, -1.378153, , , 
-0.173098, 0.191844, -0.777066, , , 
-0.173806, 0.166939, -0.753765, , , 
-0.127306, 0.098314, -0.745535, , , 
-0.363738, 0.098600, -0.874807, , , 
-0.504573, -0.172677, -1.192266, , , 
-0.117495, 0.082339, -0.814110, , , 
-0.069628, 0.101147, -0.835495, , , 
-0.175220, -0.027918, -0.893722, , , 
-0.025960, -0.333062, -1.323825, , , 
-0.013261, -0.004165, -0.838268, , , 
-0.285058, 0.013772, -0.912770, , , 
-0.101622, -0.046206, -0.849031, , , 
-0.357949, 0.181955, -0.819505, , , 
-0.233038, 0.020278, -0.742969, , , 
0.045149, -0.058435, -0.835072, , , 
-0.199124, -0.145657, -1.056358, , , 
-0.089781, -0.190657, -1.165760, , , 
-0.218681, -0.077993, -0.927644, , , 
0.389002, -0.074702, -1.021895, , , 
-0.032731, -0.023308, -0.955667, , , 
-0.380752, -0.003888, -0.971286, , , 
-0.244398, 0.082659, -0.735412, , , 
-0.363321, 0.220822, -0.784609, , , 
-0.207390, -0.369348, -1.368670, , , 
-0.398956, 0.027262, -0.946388, , , 
0.112498, 0.244843, -0.721052, , , 
-0.483106, -0.296529, -1.510704, , , 
-0.412394, -0.134893, -1.075574, , , 
-0.315326, 0.135996, -0.786548, , , 
-0.386677, 0.105673, -0.867336, , , 
-0.483487, 0.001701, -0.950223, , , 
-0.043267, -0.287033, -1.243600, , , 
-0.431429, 0.002839, -0.938970, , , 
-0.229770, 0.022700, -0.735787, , , 
-0.168137, -0.351395, -1.324141, , , 
-0.563105, -0.273619, -1.196838, , , 
-0.047417, 0.223447, -0.779612, , , 
-0.086167, -0.215815, -1.182145, , , 
-0.382070, 0.144060, -0.822191, , , 
-0.288743, -0.219630, -1.142812, , , 
-0.289354, 0.191404, -0.800203, , , 
-0.083388, 0.248103, -0.739851, , , 
-0.035212, 0.223856, -0.765799, , , 
-0.236122, -0.425498, -1.439907, , , 
-0.026428, 0.011123, -0.886490, , , 
-0.336857, -0.003247, -0.927958, , , 
-0.182111, -0.354138, -1.357474, , , 
-0.168700, 0.008217, -1.063527, , , 
-0.100575, -0.162219, -1.140286, , , 
-0.162690, 0.147005, -0.726882, , , 
-0.288431, 0.237907, -0.743451, , , 
-0.088485, 0.233187, -0.756026, , , 
0.081293, 0.153686, -0.793701, , , 
-0.181280, 0.120114, -0.706320, , , 
-0.011428, 0.203322, -0.790992, , , 
-0.355509, 0.232935, -0.763743, , , 
-0.111547, 0.127099, -0.806837, , , 
-0.189239, 0.074095, -0.708394, , , 
0.217680, 0.139521, -0.747972, , , 
-0.229117, -0.129013, -1.018802, , , 
-0.159079, 0.051750, -0.869219, , , 
-0.411339, 0.172911, -0.788059, , , 
0.081453, 0.152891, -0.796944, , , 
-0.164914, -0.328897, -1.365410, , , 
-0.131808, 0.019538, -0.846214, , , 
-0.383857, 0.224888, -0.772166, , , 
-0.646536, -0.230422, -1.158423, , , 
0.177328, -0.003906, -0.964283, , , 
-0.366157, 0.002509, -0.944404, , , 
-0.072891, 0.054801, -0.821930, , , 
-0.232969, 0.057216, -0.733939, , , 
-0.123474, 0.164394, -0.816765, , , 
-0.708187, -0.338818, -1.315256, , , 
0.143334, 0.232107, -0.724857, , , 
-0.136358, 0.047881, -0.847012, , , 
0.278059, 0.111200, -0.831485, , , 
-0.165371, -0.043143, -0.794536, , , 
-0.094930, 0.014174, -0.824898, , , 
0.090954, 0.181161, -0.769648, , , 
0.082945, 0.156832, -0.810303, , , 
0.193461, 0.126762, -0.800304, , , 
-0.384979, 0.120748, -0.834228, , , 
-0.102218, 0.101288, -0.802993, , , 
0.117397, 0.146366, -0.802155, , , 
-0.125132, 0.165257, -0.831319, , , 
-0.161458, 0.053259, -0.882443, , , 
-0.154605, -0.053691, -0.963218, , , 
-0.126356, 0.010147, -0.860335, , , 
-0.089617, -0.060732, -1.004171, , , 
-0.186140, -0.243364, -1.116934, , , 
-0.328664, 0.169277, -0.821440, , , 
-0.147540, 0.103639, -0.701463, , , 
0.264210, 0.191856, -0.752775, , , 
0.195157, 0.191956, -0.760416, , , 
-0.299010, 0.240058, -0.745773, , , 
-0.292607, -0.187421, -1.031597, , , 
-0.295699, -0.060445, -0.962674, , , 
0.136528, -0.051187, -0.994129, , , 
-0.487639, -0.219287, -1.131363, , , 
-0.156298, -0.219278, -1.146752, , , 
-0.072668, -0.366774, -1.362054, , , 
-0.151564, -0.038830, -0.960678, , , 
-0.187611, -0.199265, -1.134095, , , 
-0.306439, -0.157691, -1.035750, , , 
0.215876, 0.188912, -0.758068, , , 
-0.329886, 0.011631, -1.010644, , , 
-0.068019, -0.115201, -1.054465, , , 
-0.710789, -0.341457, -1.323563, , , 
-0.329346, -0.126831, -0.993431, , , 
-0.568973, -0.139944, -1.133795, , , 
-0.171864, -0.348711, -1.331257, , , 
-0.094557, -0.041656, -0.811004, , , 
0.323207, 0.129984, -0.808104, , , 
0.107030, -0.014968, -1.003185, , , 
-0.030969, 0.059819, -0.804794, , , 
-0.235735, 0.059761, -0.744144, , , 
0.248289, 0.197021, -0.746714, , , 
0.136006, 0.242628, -0.721929, , , 
-0.170277, -0.044126, -0.815435, , , 
-0.220426, 0.170953, -0.799899, , , 
0.314055, 0.102417, -0.829884, , , 
0.092507, 0.239822, -0.742987, , , 
-0.103842, -0.259365, -1.180025, , , 
0.171439, 0.133760, -0.805219, , , 
-0.445094, -0.084595, -1.025756, , , 
0.277429, 0.111523, -0.828344, , , 
-0.065980, 0.119875, -0.854691, , , 
-0.240596, 0.002788, -0.864032, , , 
-0.340240, 0.205300, -0.784657, , , 
-0.418547, 0.023891, -1.040784, , , 
-0.052687, 0.048609, -0.834972, , , 
-0.244900, 0.083441, -0.734453, , , 
-0.003195, -0.352019, -1.272745, , , 
-0.168418, -0.045122, -0.805034, , , 
-0.052223, -0.104827, -1.030253, , , 
-0.362838, 0.071132, -0.911598, , , 
-0.083621, -0.339813, -1.309080, , , 
-0.229794, -0.162179, -1.033151, , , 
-0.235646, -0.267971, -1.238925, , , 
-0.551835, -0.251758, -1.169177, , , 
-0.232683, -0.165386, -1.042621, , , 
-0.504320, -0.231056, -1.163788, , , 
0.277865, 0.112379, -0.830437, , , 
-0.505993, -0.012237, -0.965731, , , 
-0.085291, 0.074086, -0.809628, , , 
-0.024816, -0.337918, -1.322313, , , 
0.254976, -0.071231, -0.865549, , , 
0.161693, 0.163387, -0.773823, , , 
-0.095905, -0.068853, -0.746403, , , 
-0.119914, -0.285475, -1.242734, , , 
-0.503462, -0.013899, -0.956282, , , 
0.450134, -0.080706, -1.044912, , , 
-0.160392, 0.005948, -0.808701, , , 
0.059689, 0.138610, -0.846585, , , 
-0.429536, -0.046733, -0.994337, , , 
-0.470697, -0.029005, -0.976013, , , 
-0.609424, -0.253524, -1.175798, , , 
-0.315781, 0.159886, -0.817680, , , 
-0.003139, -0.198648, -1.156649, , , 
-0.441639, -0.001588, -0.948247, , , 
0.194345, 0.128509, -0.805935, , , 
-0.231796, -0.262364, -1.229017, , , 
-0.026630, -0.338139, -1.326603, , , 
-0.187344, 0.077082, -0.708603, , , 
-0.005827, 0.009761, -0.803435, , , 
-0.146665, 0.120576, -0.717307, , , 
-0.587468, -0.314561, -1.241317, , , 
-0.070509, -0.436156, -1.440581, , , 
0.135382, 0.140764, -0.799054, , , 
-0.284081, -0.290513, -1.284882, , , 
-0.071379, -0.333858, -1.327996, , , 
-0.240386, -0.001363, -0.862380, , , 
-0.072920, -0.350199, -1.310431, , , 
0.109331, 0.176395, -0.776857, , , 
-0.070258, 0.103068, -0.823137, , , 
0.358791, 0.094877, -0.845998, , , 
-0.056853, -0.132230, -1.106191, , , 
-0.141116, -0.433278, -1.447181, , , 
-0.057038, 0.066257, -0.850978, , , 
-0.221874, 0.053580, -0.706686, , , 
-0.413933, -0.136863, -1.079674, , , 
-0.182232, -0.028843, -0.942437, , , 
0.300789, -0.076555, -0.903300, , , 
-0.401737, 0.126093, -0.833167, , , 
0.212891, 0.205078, -0.742274, , , 
-0.312878, -0.263105, -1.219557, , , 
-0.167336, -0.201067, -1.121677, , , 
-0.017196, 0.042831, -0.887791, , , 
-0.026266, 0.027522, -0.818695, , , 
0.085322, 0.222399, -0.756103, , , 
-0.085001, 0.095164, -0.832937, , , 
-0.351923, -0.186221, -1.021414, , , 
0.562126, -0.155925, -0.893083, , , 
0.107615, 0.175804, -0.767632, , , 
-0.436750, -0.125615, -1.075109, , , 
0.090941, 0.182042, -0.772108, , , 
0.367612, 0.122748, -0.822057, , , 
-0.536208, -0.066220, -1.011967, , , 
0.204898, -0.063071, -1.113217, , , 
0.304951, 0.029995, -0.933606, , , 
-0.828709, -0.661959, -1.699734, , , 
-0.283041, -0.305954, -1.233452, , , 
-0.007334, -0.080697, -0.857509, , , 
0.060792, -0.043653, -0.980580, , , 
-0.119645, 0.099947, -0.841371, , , 
-0.135570, 0.185460, -0.797815, , , 
-0.229343, -0.004259, -0.885306, , , 
-0.537342, -0.065748, -1.013312, , , 
0.417947, -0.342548, -0.691153, , , 
-0.335125, 0.136556, -0.844062, , , 
0.350247, 0.011297, -0.957777, , , 
-0.079489, -0.097262, -0.996890, , , 
0.487782, -0.031477, -1.031835, , , 
1.198929, -1.198998, -2.328269, , , 
0.002328, 0.071149, -0.917505, , , 
-0.050217, -0.159021, -1.088607, , , 
0.449187, 0.044795, -0.906361, , , 
-0.426554, 0.003227, -0.941559, , , 
-0.143078, -0.256640, -1.228639, , , 
-0.673726, -0.857896, -2.177237, , , 
-0.198705, -0.029197, -0.886333, , , 
-0.314721, 0.225821, -0.761961, , , 
-0.129264, -0.011730, -0.880579, , , 
0.292410, -0.053207, -0.965642, , , 
-0.619423, -0.372698, -1.355915, , , 
-0.454239, -0.251405, -1.245048, , , 
0.376035, -0.013261, -0.979785, , , 
-0.477763, -0.030830, -0.977862, , , 
-0.088179, -0.038570, -1.016951, , , 
0.354283, 0.094191, -0.838232, , , 
0.457986, -0.033904, -0.991825, , , 
-0.065109, -0.004536, -0.916102, , , 
-0.528745, -0.345340, -1.267276, , , 
-0.345962, 0.025561, -0.920594, , , 
-0.448530, -0.195307, -1.129027, , , 
0.528559, 0.040960, -0.955459, , , 
-0.193995, -0.249866, -1.124976, , , 
-0.302179, -0.324524, -1.301742, , , 
-0.048610, -0.276690, -1.272242, , , 
-0.124517, -0.253611, -1.256733, , , 
0.728972, -0.023027, -0.975881, , , 
-0.271419, -0.006333, -0.887137, , , 
-0.231811, 0.091074, -0.723116, , , 
0.369424, 0.163961, -0.784977, , , 
-0.095133, -0.074205, -0.953020, , , 
-0.023335, -0.359046, -1.245592, , , 
0.267989, 0.194657, -0.753577, , , 
-0.023244, 0.009579, -0.852599, , , 
0.302479, 0.204426, -0.768392, , , 
0.374672, 0.089772, -0.839746, , , 
-0.014831, -0.094322, -0.871860, , , 
-0.181695, -0.244767, -1.137450, , , 
-0.145325, 0.047641, -0.858124, , , 
-0.026157, -0.190666, -1.143866, , , 
-0.223303, -0.134177, -1.021397, , , 
-0.116347, -0.318138, -1.300373, , , 
0.331557, 0.098525, -0.831961, , , 
0.107549, 0.174544, -0.766901, , , 
0.215076, 0.206810, -0.733949, , , 
-0.392022, 0.170367, -0.797626, , , 
-0.157875, -0.436104, -1.435057, , , 
-0.228815, -0.099366, -1.004268, , , 
0.365186, 0.123927, -0.817207, , , 
-0.187222, 0.116569, -0.714073, , , 
-0.024508, -0.006612, -0.869591, , , 
-0.181921, 0.065866, -0.703670, , , 
0.395586, -0.034121, -1.015875, , , 
0.118806, 0.150710, -0.802596, , , 
-0.107855, 0.062784, -0.875183, , , 
0.100139, 0.158518, -0.775390, , , 
-0.474575, -0.140109, -1.124655, , , 
-0.098259, -0.159831, -1.136115, , , 
-0.160201, 0.205919, -0.790285, , , 
0.524165, 0.029790, -0.942314, , , 
0.109928, -0.026323, -1.004243, , , 
0.295647, 0.033704, -0.951018, , , 
0.339862, 0.201415, -0.759949, , , 
-0.250093, -0.176093, -1.109037, , , 
0.262469, 0.123009, -0.794201, , , 
-0.320112, 0.176547, -0.766226, , , 
0.001135, 0.069374, -0.924794, , , 
0.160615, 0.198785, -0.753914, , , 
-0.027165, 0.057675, -0.743718, , , 
-0.308780, -0.312693, -1.421177, , , 
-0.044817, 0.063218, -0.785636, , , 
-0.436977, -0.247956, -1.166144, , , 
-0.275240, 0.229474, -0.734671, , , 
-0.325853, 0.248988, -0.770085, , , 
-0.092416, -0.022409, -0.888358, , , 
-0.132311, -0.263952, -1.333993, , , 
-0.362732, 0.063098, -0.946601, , , 
0.131165, 0.148534, -0.763414, , , 
0.191096, 0.143327, -0.800722, , , 
-0.165857, 0.130565, -0.800012, , , 
-0.310681, -0.051111, -0.941916, , , 
0.098821, 0.209989, -0.700819, , , 
0.345225, 0.026405, -1.110364, , , 
-0.132320, -0.426701, -1.435030, , , 
0.335155, 0.159595, -0.785683, , , 
-0.152205, 0.051374, -0.837948, , , 
-0.057059, -0.153458, -1.116690, , , 
-0.063628, 0.027414, -0.830433, , , 
-0.089807, -0.038993, -0.796308, , , 
0.447955, -0.080685, -1.044008, , , 
0.357905, 0.120593, -0.801862, , , 
0.107341, -0.014228, -1.004074, , , 
0.152355, 0.231024, -0.703094, , , 
0.252920, 0.116242, -0.821417, , , 
-0.063150, 0.117276, -0.824955, , , 
-0.027834, -0.193708, -1.154494, , , 
-0.181469, 0.111031, -0.707608, , , 
-0.037044, -0.324589, -1.277255, , , 
0.048797, 0.144202, -0.817586, , , 
-0.437932, -0.143333, -1.133717, , , 
0.142998, 0.202729, -0.742323, , , 
-0.198002, -0.069478, -1.071374, , , 
0.157515, 0.236149, -0.727168, , , 
0.067369, -0.004578, -0.832899, , , 
0.269653, 0.140307, -0.799179, , , 
0.114727, 0.142869, -0.787603, , , 
0.324809, 0.131750, -0.806808, , , 
-0.047102, 0.073508, -0.754834, , , 
0.183988, 0.219949, -0.733579, , , 
-0.287334, -0.007210, -0.925974, , , 
0.393717, 0.085817, -0.840521, , , 
-0.130826, 0.233312, -0.694592, , , 
0.133685, 0.212681, -0.742303, , , 
-0.184027, 0.138851, -0.732573, , , 
-0.038851, 0.241852, -0.753199, , , 
-0.377016, -0.255692, -1.232556, , , 
-0.333570, 0.227748, -0.776392, , , 
0.191471, 0.207471, -0.745840, , , 
-0.253868, 0.104751, -0.799018, , , 
-0.368906, 0.261045, -0.736093, , , 
-0.268994, -0.004270, -0.873108, , , 
-0.004047, -0.084745, -0.954181, , , 
-0.084449, 0.251661, -0.761926, , , 
-0.284590, -0.034572, -0.865886, , , 
0.125846, 0.234305, -0.708738, , , 
-0.136593, 0.011284, -0.922265, , , 
-0.030553, 0.067051, -0.828349, , , 
-0.151926, -0.282336, -1.268250, , , 
0.255910, -0.073563, -0.880160, , , 
-0.105599, 0.100724, -0.811481, , , 
-0.327416, 0.227954, -0.758586, , , 
0.275667, 0.200436, -0.724605, , , 
-0.102625, 0.052380, -0.826093, , , 
-0.051171, -0.157308, -1.103468, , , 
0.113198, 0.192387, -0.761511, , , 
-0.398951, 0.258758, -0.738461, , , 
-0.547653, -0.230495, -1.146042, , , 
0.484363, -0.029690, -1.010246, , , 
-0.279986, 0.228807, -0.771055, , , 
0.291922, 0.210423, -0.748080, , , 
-0.770149, -0.419690, -1.395867, , , 
0.399383, 0.159297, -0.768983, , , 
-0.170156, 0.194372, -0.773397, , , 
0.258202, 0.163860, -0.774131, , , 
0.558962, 0.035439, -0.921832, , , 
0.216630, 0.123773, -0.814266, , , 
1.223213, -0.869267, -1.838429, , , 
0.615408, -0.098019, -0.930539, , , 
1.095812, -0.789050, -1.747302, , , 
1.379453, -1.182676, -2.250515, , , 
-0.077113, -0.096190, -0.973104, , , 
0.575069, 0.108160, -0.875816, , , 
1.343723, -1.144629, -2.365330, , , 
0.145091, 0.169535, -0.778883, , , 
0.228969, 0.199836, -0.739735, , , 
1.237084, -1.219932, -2.168038, , , 
0.163435, 0.164666, -0.781950, , , 
0.162035, 0.225080, -0.730121, , , 
1.359418, -1.040730, -2.113902, , , 
-0.146127, -0.030608, -0.850816, , , 
0.709991, -0.025509, -0.928680, , , 
0.588893, -0.076085, -0.929896, , , 
0.577242, 0.109675, -0.885306, , , 
0.498153, 0.158549, -0.799132, , , 
0.293209, 0.153680, -0.791637, , , 
0.558549, -0.141848, -0.884852, , , 
0.701081, 0.064200, -0.906129, , , 
-0.126629, 0.060732, -0.719737, , , 
-0.161685, -0.467431, -1.431591, , , 
0.079293, -0.037485, -0.759293, , , 
0.573300, 0.104399, -0.882302, , , 
0.511438, 0.160165, -0.775353, , , 
-0.163568, -0.293268, -1.283550, , , 
0.744199, -0.017149, -0.869433, , , 
1.526958, -1.411931, -2.678038, , , 
0.487893, 0.097927, -0.849964, , , 
0.515416, 0.184778, -0.770434, , , 
1.043800, -1.011395, -1.930046, , , 
1.075666, -0.952396, -1.940354, , , 
0.514852, 0.182168, -0.763810, , , 
1.399559, -1.211310, -2.507936, , , 
0.498056, 0.108958, -0.876412, , , 
0.741244, -0.017254, -0.861957, , , 
1.497043, -0.890583, -1.844735, , , 
1.383292, -0.763612, -1.682806, , , 
-0.055185, 0.015824, -0.976177, , , 
1.500283, -1.265586, -2.504408, , , 
0.571710, -0.564554, -1.166458, , , 
0.698796, 0.126088, -0.865223, , , 
0.605864, 0.092113, -0.890345, , , 
0.779867, 0.157257, -0.866376, , , 
-0.295764, -0.235114, -1.239595, , , 
0.439112, 0.083125, -0.847627, , , 
0.422661, 0.169177, -0.781095, , , 
0.735654, 0.253027, -0.820878, , , 
0.503190, 0.106161, -0.835853, , , 
0.686996, 0.123690, -0.839537, , , 
0.394455, 0.087263, -0.842593, , , 
0.831849, -0.820288, -1.810209, , , 
0.617915, -0.091599, -0.956000, , , 
0.433940, 0.112513, -0.853195, , , 
0.697377, 0.127003, -0.852272, , , 
0.700069, 0.008376, -0.927525, , , 
-0.136886, 0.184661, -0.804949, , , 
1.551201, -0.866623, -1.819644, , , 
0.007978, 0.074722, -0.904053, , , 
0.827372, 0.168897, -0.814773, , , 
0.761934, 0.149700, -0.831752, , , 
0.760012, 0.146615, -0.821662, , , 
0.542659, -0.092734, -0.887643, , , 
1.511448, -0.897170, -1.863363, , , 
0.839836, 0.027369, -0.894444, , , 
0.335933, 0.178790, -0.783422, , , 
1.324863, -0.928298, -1.801636, , , 
1.283898, -0.538574, -1.359653, , , 
0.398475, 0.092223, -0.840785, , , 
1.546397, -0.682283, -1.750153, , , 
0.594012, -0.167657, -0.887342, , , 
0.880107, 0.043189, -0.881893, , , 
0.828257, 0.168318, -0.814025, , , 
1.193509, -0.870835, -1.761913, , , 
1.680436, -1.231154, -2.518979, , , 
0.614733, 0.092614, -1.020436, , , 
1.784970, -0.792793, -2.216715, , , 
0.401978, 0.163275, -0.807038, , , 
0.820962, 0.165223, -0.810661, , , 
0.184683, 0.131123, -0.771709, , , 
0.664811, -0.343961, -0.806406, , , 
0.517676, 0.164059, -0.790313, , , 
1.266918, -0.863015, -1.917134, , , 
0.827724, 0.072593, -0.947966, , , 
1.407632, -0.807729, -1.662739, , , 
0.601714, -0.092540, -0.898228, , , 
0.912952, 0.039280, -0.780405, , , 
0.247760, 0.036460, -1.097588, , , 
0.155590, 0.177446, -0.726756, , , 
1.531386, -0.918844, -1.914431, , , 
1.330035, -0.796717, -1.771693, , , 
0.911045, 0.072187, -0.854565, , , 
0.244681, 0.206516, -0.800478, , , 
-0.355108, -0.914977, -2.290020, , , 
0.876024, 0.096219, -0.815612, , , 
0.754597, -0.052704, -1.003342, , , 
1.508655, -0.805738, -2.005225, , , 
0.697000, 0.236673, -0.783994, , , 
0.315587, 0.156601, -0.938463, , , 
0.695661, -0.041320, -0.849207, , , 
0.371767, -0.552316, -1.255043, , , 
0.914073, 0.044540, -0.946506, , , 
0.576396, -0.182032, -0.933542, , , 
0.907851, -1.136203, -2.240208, , , 
0.253914, 0.117715, -0.825417, , , 
0.752171, -0.005782, -0.754188, , , 
0.267288, 0.153337, -0.664684, , , 
0.259128, -0.077102, -0.870876, , , 
3.789013, -2.135822, -5.856529, , , 
0.549794, -0.097692, -0.923789, , , 
0.727039, -0.025066, -0.969256, , , 
1.188859, -1.076765, -1.884278, , , 
1.258434, -1.051891, -2.267077, , , 
0.528104, 0.237028, -0.727354, , , 
1.210262, -0.737746, -1.818138, , , 
0.537443, 0.021822, -0.946271, , , 
0.720896, -0.015393, -0.898945, , , 
1.469470, -0.894620, -1.933313, , , 
1.173396, -0.761412, -1.726536, , , 
0.695573, -0.059374, -0.927668, , , 
0.866184, 0.037677, -0.950259, , , 
0.296907, 0.107305, -0.831052, , , 
0.362174, 0.157296, -0.795485, , , 
0.627279, -0.323007, -0.754878, , , 
0.335458, 0.135847, -0.817600, , , 
0.399177, 0.160454, -0.790661, , , 
-0.008295, -0.142665, -0.784734, , , 
0.878810, 0.231850, -0.673462, , , 
0.780664, -0.002664, -0.860960, , , 
0.847226, 0.027739, -0.915593, , , 
0.764511, 0.064729, -0.958280, , , 
0.645371, -0.327289, -0.771771, , , 
0.860415, -0.308042, -0.706821, , , 
0.507530, 0.178637, -0.746081, , , 
1.381934, -0.763435, -1.705286, , , 
1.134538, -0.840007, -1.863985, , , 
0.689449, 0.245213, -0.712380, , , 
-0.085894, 0.083323, -0.856977, , , 
-0.024674, 0.064443, -0.903027, , , 
0.484930, 0.161961, -0.751001, , , 
0.759721, 0.067443, -0.941284, , , 
0.004809, -0.032927, -0.896965, , , 
1.426834, -0.835919, -1.811057, , , 
-0.355251, 0.237010, -0.759547, , , 
-0.482643, -0.000504, -0.958682, , , 
-0.682886, -0.112638, -1.130914, , , 
-0.416463, 0.176177, -0.786056, , , 
-0.804078, -0.276385, -1.292534, , , 
-0.661332, -0.110368, -1.076580, , , 
-0.693401, -0.110444, -1.137544, , , 
0.303289, 0.034264, -0.914826, , , 
-0.410553, 0.173176, -0.798540, , , 
-0.047547, 0.042643, -0.819106, , , 
-0.324061, -0.272566, -1.255082, , , 
-0.062481, -0.430593, -1.412578, , , 
-0.589446, -0.037622, -0.987114, , , 
-0.667531, -0.189158, -1.121365, , , 
-0.815617, -0.276672, -1.298427, , , 
-0.501691, 0.231327, -0.755772, , , 
-0.801352, -0.370775, -1.352576, , , 
-0.566684, 0.010033, -0.942449, , , 
-0.731128, -0.294931, -1.260285, , , 
-0.534276, 0.176180, -0.815895, , , 
-0.557943, 0.283259, -0.700430, , , 
-0.860485, -0.328131, -1.314107, , , 
-0.530320, 0.174892, -0.807920, , , 
-0.506039, -0.022008, -0.969817, , , 
-0.512093, -0.249962, -1.316244, , , 
-0.115159, 0.066435, -0.753991, , , 
-0.231386, 0.114469, -0.768681, , , 
-0.559077, -0.327875, -1.255914, , , 
-0.276864, 0.228498, -0.758855, , , 
-0.190701, 0.070738, -0.697248, , , 
-0.431282, 0.002683, -0.926520, , , 
-0.089181, -0.187377, -1.151640, , , 
-0.208434, -0.222400, -1.133569, , , 
-0.697879, -0.383264, -1.360765, , , 
-0.015275, 0.006791, -0.760203, , , 
-0.780706, -0.394751, -1.364890, , , 
-0.546091, -0.071472, -1.036077, , , 
-0.275491, -0.023390, -0.837299, , , 
-1.191779, -0.124112, -1.339178, , , 
-0.047611, 0.059763, -0.817973, , , 
-1.148173, 0.112172, -1.526964, , , 
-0.557802, -0.274085, -1.195417, , , 
-1.110107, 0.112807, -1.461243, , , 
-0.403801, 0.100084, -0.861404, , , 
0.216718, 0.124731, -0.813228, , , 
0.455444, 0.177624, -0.786716, , , 
1.123229, -0.981863, -1.971817, , , 
-0.197005, 0.067707, -0.712405, , , 
0.402086, -0.077550, -1.058714, , , 
1.208054, -0.847336, -1.736418, , , 
0.701972, 0.010516, -0.935154, , , 
1.260350, -0.860473, -1.685556, , , 
-0.013623, -0.128859, -0.855245, , , 
0.687805, -0.366864, -1.135101, , , 
0.842797, 0.077551, -0.967412, , , 
0.865426, -0.487443, -1.115976, , , 
0.494553, 0.131327, -0.753261, , , 
0.918622, 0.152820, -0.828678, , , 
1.691491, -0.794330, -1.720726, , , 
0.585712, 0.094715, -0.880082, , , 
0.871377, 0.186562, -0.711142, , , 
0.933282, 0.033381, -0.811209, , , 
1.718888, -0.891978, -1.832219, , , 
1.115512, 0.094871, -1.077169, , , 
1.647911, -1.173604, -2.141789, , , 
1.184487, -0.435285, -1.176253, , , 
0.331942, 0.099451, -0.830241, , , 
0.945010, 0.168116, -0.761155, , , 
0.171519, 0.133257, -0.803788, , , 
1.653977, -0.769223, -1.663106, , , 
1.250407, -0.841688, -1.865408, , , 
0.891804, 0.129767, -0.804897, , , 
1.541153, -1.096587, -2.064722, , , 
1.281645, -0.609685, -1.592769, , , 
0.757684, -0.862748, -1.939520, , , 
0.962299, 0.180693, -0.875497, , , 
0.085771, 0.163038, -0.856830, , , 
0.530045, 0.230486, -0.752483, , , 
0.541698, 0.251544, -0.757537, , , 
0.907714, 0.186748, -0.769439, , , 
1.332304, -0.606029, -1.577895, , , 
-0.004064, -0.057838, -0.859334, , , 
0.398196, 0.135256, -0.938645, , , 
0.718441, 0.141984, -0.853158, , , 
0.733218, 0.146050, -0.871722, , , 
1.783054, -0.958179, -1.884312, , , 
0.459476, 0.041562, -0.976449, , , 
0.693600, 0.015444, -0.982672, , , 
0.629914, -0.344722, -0.999555, , , 
0.942929, 0.247740, -0.775723, , , 
0.852346, 0.190469, -0.754795, , , 
0.145855, 0.168305, -0.778841, , , 
0.710231, 0.034446, -0.919460, , , 
1.478864, -0.690814, -1.455242, , , 
-0.045978, 0.033588, -0.975998, , , 
0.381269, 0.134927, -0.768260, , , 
0.667772, 0.048595, -0.862870, , , 
0.354246, 0.181891, -0.767194, , , 
0.488648, 0.168235, -0.792336, , , 
0.938544, -0.917172, -1.989228, , , 
0.818678, -0.033703, -1.018940, , , 
0.423317, 0.140798, -0.681398, , , 
0.793962, 0.162259, -0.666325, , , 
0.218630, 0.013687, -1.129372, , , 
1.549351, -1.437312, -2.723490, , , 
0.603689, -0.082857, -0.964664, , , 
-0.032504, 0.093233, -0.876620, , , 
0.931334, 0.048224, -0.989559, , , 
0.629480, -0.085027, -1.071921, , , 
0.155090, 0.138453, -0.807192, , , 
1.818740, -1.174721, -2.273525, , , 
0.899714, 0.193862, -0.838237, , , 
0.487963, 0.153117, -0.768616, , , 
0.390059, 0.122666, -0.851744, , , 
0.419137, 0.132791, -0.809193, , , 
0.186932, -0.590944, -1.294875, , , 
0.332152, 0.100337, -0.834576, , , 
0.606447, -0.412716, -0.863774, , , 
0.481053, 0.079554, -0.890078, , , 
0.941488, 0.144057, -0.731645, , , 
0.173570, 0.173481, -0.862071, , , 
0.763103, -0.345186, -1.335427, , , 
1.282024, -0.745203, -1.706847, , , 
0.703595, 0.126150, -0.879215, , , 
0.916176, 0.139002, -0.699268, , , 
0.706137, 0.138374, -0.883972, , , 
0.579776, 0.050942, -0.856140, , , 
0.917504, 0.041759, -0.783698, , , 
0.620189, -0.317765, -0.732962, , , 
0.707106, 0.043648, -0.981636, , , 
0.820335, 0.029396, -0.851556, , , 
1.133285, -0.745016, -1.749424, , , 
0.426942, 0.149064, -0.784186, , , 
0.312701, -0.076431, -1.099644, , , 
0.389736, -0.074367, -1.108876, , , 
0.752976, 0.054974, -0.959443, , , 
0.551877, -0.093033, -0.929634, , , 
0.610946, 0.095141, -0.896673, , , 
0.728184, 0.061379, -0.867220, , , 
0.946284, 0.226017, -0.886295, , , 
0.315227, -0.074075, -0.951808, , , 
0.460508, 0.081511, -0.873858, , , 
0.211105, 0.191694, -0.784113, , , 
0.166819, 0.232252, -0.765885, , , 
0.161198, -0.333110, -0.684244, , , 
0.700724, -0.536466, -1.195571, , , 
0.062639, 0.058830, -0.904299, , , 
0.858091, 0.019158, -0.823156, , , 
0.977386, 0.235486, -0.928820, , , 
0.936805, 0.177328, -0.716194, , , 
-0.005318, -0.117001, -0.811127, , , 
0.234620, 0.149564, -0.793017, , , 
0.484448, 0.095413, -0.840866, , , 
0.358662, 0.159847, -0.810609, , , 
0.684287, 0.032664, -0.850444, , , 
0.814413, 0.054619, -0.868573, , , 
0.189206, 0.214338, -0.760462, , , 
0.884850, 0.070318, -0.900029, , , 
0.517905, 0.038361, -0.918866, , , 
0.756811, 0.087948, -0.777002, , , 
1.582199, -0.692898, -1.633390, , , 
0.501905, 0.113580, -0.839316, , , 
0.892975, 0.204268, -0.787649, , , 
1.735979, -0.931645, -2.084595, , , 
1.099478, -0.550650, -1.369192, , , 
0.853501, 0.066144, -0.812739, , , 
1.175342, -0.509699, -1.254474, , , 
1.007297, -0.568885, -1.360673, , , 
1.387126, -0.763183, -1.712022, , , 
1.752169, -0.905907, -1.867355, , , 
-0.005876, -0.169488, -0.753570, , , 
-0.020453, 0.082892, -0.851808, , , 
-0.455549, -0.074559, -1.039904, , , 
-0.366279, 0.218209, -0.769563, , , 
-0.998469, -1.033060, -2.365726, , , 
-0.232895, 0.149558, -0.785800, , , 
-0.141180, 0.254348, -0.751441, , , 
-0.299318, -0.230525, -1.180471, , , 
0.286652, 0.178760, -0.737365, , , 
0.400043, 0.160203, -0.795700, , , 
-0.128336, -0.874439, -1.961993, , , 
-0.501986, 0.016847, -0.924660, , , 
-0.173810, 0.152177, -0.733608, , , 
-0.130144, -0.782816, -1.928655, , , 
-0.805355, -0.455019, -1.474535, , , 
-0.162812, -0.057283, -1.009380, , , 
-0.653494, -0.383086, -1.383624, , , 
-0.301539, -0.159840, -1.032412, , , 
-0.337969, -0.005476, -0.937675, , , 
-0.313654, 0.238123, -0.700301, , , 
-0.088660, -0.185371, -1.145294, , , 
-0.246186, 0.091922, -0.775252, , , 
-0.407475, 0.152334, -0.802557, , , 
-0.309287, 0.008282, -0.947038, , , 
0.013181, -0.381083, -1.510370, , , 
-0.387396, -0.114315, -0.996820, , , 
-0.253133, -0.781262, -1.910553, , , 
-1.126243, -0.677321, -2.079351, , , 
-0.442132, -0.229273, -1.328585, , , 
-1.222221, 0.324051, -1.432512, , , 
-0.280292, 0.056617, -0.809847, , , 
-0.273566, -0.020946, -0.826036, , , 
-0.427538, 0.029929, -0.879113, , , 
-0.588482, -0.038073, -0.985553, , , 
-0.324475, 0.025645, -0.915972, , , 
-0.058140, -0.134875, -1.118503, , , 
-0.724719, -0.308695, -1.252464, , , 
-0.126217, -0.000466, -0.839881, , , 
-1.028615, -0.831245, -1.938756, , , 
-1.135737, -0.682666, -2.085410, , , 
-0.424716, 0.153576, -0.808841, , , 
0.142041, -0.432635, -1.574613, , , 
-0.124657, -0.015670, -1.088573, , , 
-0.984292, 0.248527, -1.285425, , , 
-0.998997, 0.163908, -1.422601, , , 
-0.181333, -0.006354, -0.928312, , , 
-1.115110, -0.732954, -1.804735, , , 
-1.326899, 0.143545, -1.890021, , , 
-0.502875, -0.136772, -1.102571, , , 
-0.648397, -0.184895, -1.087520, , , 
-1.368214, -0.718915, -2.251053, , , 
-0.035822, -0.388597, -1.211454, , , 
-0.482645, 0.236772, -0.732204, , , 
-0.243409, 0.100343, -0.788042, , , 
-0.149984, -0.047712, -0.889236, , , 
-0.097496, -0.072123, -0.954326, , , 
-1.204623, -0.273444, -1.811932, , , 
-0.420978, -0.849558, -2.135988, , , 
-1.177865, -0.262701, -1.763185, , , 
-0.032238, -0.485766, -1.615125, , , 
-0.385636, -0.187782, -1.148497, , , 
-0.031600, -0.394940, -1.246424, , , 
-0.774996, -0.127706, -1.121578, , , 
-0.271026, -0.029065, -0.893921, , , 
-0.253774, 0.083593, -0.718626, , , 
-0.417625, 0.179699, -0.809442, , , 
-0.105725, 0.034215, -0.950624, , , 
-0.228398, 0.055277, -0.720872, , , 
-1.087249, -0.237503, -1.562889, , , 
-0.101139, 0.050265, -0.810776, , , 
-0.563405, 0.290506, -0.716045, , , 
0.093582, -0.684964, -1.793345, , , 
-0.150376, -0.231735, -1.171040, , , 
-1.296406, 0.240196, -1.512888, , , 
-1.264475, 0.336547, -1.504328, , , 
-1.418832, 0.059814, -1.455254, , , 
-0.637644, -0.412510, -1.402318, , , 
-1.353776, -0.227748, -1.522753, , , 
-0.049361, -0.738304, -1.791106, , , 
-0.334269, -0.007401, -0.878755, , , 
-0.149154, -0.258300, -1.203865, , , 
-0.117611, 0.071730, -0.733417, , , 
-0.227794, -0.095054, -0.991824, , , 
-0.447474, -0.217404, -1.175147, , , 
0.105946, 0.270414, -0.709778, , , 
0.191212, -0.018570, -1.044248, , , 
0.380039, -0.035944, -0.992333, , , 
0.164716, -0.019847, -0.971778, , , 
0.192899, 0.160753, -0.764199, , , 
0.637368, -0.069715, -0.898797, , , 
0.177267, 0.221929, -0.696101, , , 
0.087500, 0.165823, -0.798462, , , 
0.319797, 0.185508, -0.787803, , , 
0.170068, 0.180539, -0.760245, , , 
-0.024164, 0.044525, -0.912975, , , 
0.141410, 0.205594, -0.744699, , , 
0.354002, 0.090819, -0.785021, , , 
0.664841, 0.242386, -0.728945, , , 
0.282298, 0.187672, -0.750573, , , 
0.538090, -0.096958, -0.949507, , , 
0.262582, 0.200787, -0.777698, , , 
0.512258, 0.023434, -0.787026, , , 
0.303312, 0.028938, -1.074100, , , 
0.356117, 0.104931, -0.158186, , , 
0.646733, 0.221271, -0.636894, , , 
0.714763, 0.072073, -0.913292, , , 
0.210943, -0.060727, -1.091457, , , 
0.379512, 0.113019, -0.775391, , , 
-0.069196, -0.009481, -0.912414, , , 
0.511536, -0.079826, -0.772825, , , 
0.621339, 0.099516, -0.921607, , , 
0.817356, 0.167227, -0.866255, , , 
0.401336, 0.134569, -0.803324, , , 
-0.012901, 0.010544, -0.827713, , , 
0.455566, -0.043450, -1.007035, , , 
0.047182, -0.037050, -0.858148, , , 
0.904416, 0.019052, -0.904201, , , 
0.666645, 0.220389, -0.734281, , , 
-0.049678, 0.074637, -0.857482, , , 
0.304290, 0.127334, -0.753088, , , 
0.827159, 0.009718, -0.819408, , , 
0.105422, 0.200648, -0.734766, , , 
0.314466, 0.103788, -0.827705, , , 
0.418332, 0.166408, -0.767986, , , 
0.958981, 0.074243, -0.832972, , , 
0.251844, 0.123419, -0.865126, , , 
0.665878, 0.222244, -0.735825, , , 
-0.061587, 0.061837, -0.885438, , , 
-0.099205, -0.070077, -0.964638, , , 
-0.078989, 0.061271, -0.816488, , , 
0.889386, 0.204937, -0.782272, , , 
0.539702, 0.242991, -0.760440, , , 
0.558215, 0.238767, -0.831003, , , 
0.021132, -0.040889, -1.009220, , , 
0.198056, 0.003225, -1.016997, , , 
0.389359, 0.187298, -0.749537, , , 
0.237972, 0.246322, -0.732202, , , 
0.032111, 0.021201, -0.877969, , , 
0.669427, 0.052786, -0.861828, , , 
0.879128, 0.164342, -0.781235, , , 
0.391532, -0.076077, -1.054079, , , 
0.938874, 0.001022, -1.021305, , , 
0.669242, 0.307418, -0.671081, , , 
0.145902, 0.166037, -0.914386, , , 
0.958457, 0.200404, -0.697877, , , 
0.120299, 0.155508, -0.791690, , , 
0.422364, 0.122917, -0.306179, , , 
0.467693, 0.122902, -0.838887, , , 
0.889845, 0.039391, -0.897365, , , 
0.157988, -0.026598, -0.987206, , , 
0.692164, 0.334415, -0.601029, , , 
0.664438, 0.240997, -0.726100, , , 
0.879934, 0.159140, -0.795770, , , 
1.038570, -0.080417, -0.787177, , , 
0.930119, 0.007161, -0.769424, , , 
0.540148, 0.302927, -0.629050, , , 
0.130332, 0.167790, -0.755818, , , 
1.032595, -0.079105, -0.787044, , , 
0.852923, 0.026431, -0.766290, , , 
0.607463, 0.023579, -1.065931, , , 
0.693929, -0.200857, -1.218817, , , 
0.517884, 0.161747, -0.789126, , , 
1.037852, -0.114595, -0.755811, , , 
0.634991, -0.220270, -1.077282, , , 
0.799578, 0.017590, -0.882367, , , 
0.597084, 0.359013, -0.689741, , , 
0.172954, 0.222603, -0.721632, , , 
0.634712, -0.200009, -1.121001, , , 
0.909474, 0.024746, -1.008588, , , 
-0.060581, 0.072162, -0.819862, , , 
0.905945, 0.172406, -0.785744, , , 
0.884277, 0.061528, -0.902094, , , 
0.394119, 0.190946, -0.772893, , , 
0.467741, 0.101548, -0.835544, , , 
0.698289, 0.133422, -0.785996, , , 
0.836862, 0.019018, -0.782156, , , 
0.942361, 0.040629, -0.984506, , , 
0.701959, 0.302142, -0.625348, , , 
0.666491, -0.078657, -0.971996, , , 
0.596933, -0.142719, -0.935193, , , 
0.547493, 0.287557, -0.661600, , , 
-0.473757, -0.199316, -1.230977, , , 
0.100267, 0.260229, -0.734422, , , 
0.086049, 0.225788, -0.721721, , , 
-0.058057, -0.132964, -1.104801, , , 
-0.566540, -0.037239, -0.995351, , , 
-0.482282, -0.163428, -1.109221, , , 
-0.182197, 0.117728, -0.702873, , , 
-0.389508, 0.103188, -0.873906, , , 
-0.830555, -0.663584, -1.703812, , , 
-0.534366, -0.032453, -0.992651, , , 
0.158816, 0.237773, -0.727289, , , 
-0.515365, 0.008519, -0.935739, , , 
-0.512906, -0.018581, -0.959431, , , 
-0.391394, 0.063764, -0.925864, , , 
-0.204504, 0.114774, -0.725661, , , 
0.008382, -0.140956, -1.064955, , , 
-0.346942, 0.093621, -0.878547, , , 
-0.432073, -0.029245, -0.970894, , , 
-0.402177, 0.169378, -0.818608, , , 
-0.415368, 0.215067, -0.752496, , , 
-0.381593, 0.237022, -0.772051, , , 
-0.417918, -0.137178, -1.091826, , , 
-0.325708, 0.198493, -0.794595, , , 
-0.371113, 0.237249, -0.770759, , , 
-0.149230, -0.255257, -1.232873, , , 
-0.318993, 0.145828, -0.828223, , , 
-0.461141, -0.082508, -1.009106, , , 
-0.130481, 0.245014, -0.746312, , , 
-0.231757, 0.112501, -0.745262, , , 
-0.332146, -0.005154, -0.913265, , , 
0.133251, 0.210357, -0.741217, , , 
-0.316377, 0.158150, -0.822314, , , 
-0.160718, 0.249952, -0.721362, , , 
-0.477096, 0.257120, -0.684647, , , 
-0.090996, 0.014672, -0.821154, , , 
-0.384998, 0.272128, -0.739027, , , 
-0.232175, 0.152718, -0.791532, , , 
-0.056838, 0.062966, -0.810837, , , 
-0.507762, 0.217389, -0.714129, , , 
-0.474282, 0.354617, -0.646057, , , 
-0.390604, 0.351717, -0.646964, , , 
-0.356892, 0.345341, -0.641059, , , 
-0.389963, 0.351973, -0.644029, , , 
-0.042478, 0.068134, -0.874797, , , 
-0.585647, 0.050274, -0.904071, , , 
-0.358527, 0.343181, -0.647514, , , 
-0.586664, 0.076054, -0.918237, , , 
-0.532375, 0.220353, -0.757595, , , 
-0.584854, 0.045021, -0.906088, , , 
-0.233798, 0.090613, -0.727427, , , 
-0.388288, 0.026648, -0.942882, , , 
-0.360144, 0.160403, -0.798705, , , 
-0.347835, 0.322945, -0.662921, , , 
-0.403517, 0.125907, -0.845421, , , 
-0.262682, 0.375339, -0.623683, , , 
0.085306, 0.221841, -0.739903, , , 
-0.318064, 0.348665, -0.660793, , , 
-0.063734, 0.378506, -0.596753, , , 
-0.467479, 0.259422, -0.677947, , , 
-0.429626, 0.153901, -0.835067, , , 
-0.681145, -0.126667, -1.136918, , , 
-0.155926, 0.103242, -0.824687, , , 
0.090628, 0.245265, -0.694839, , , 
0.296416, 0.109501, -0.881075, , , 
-0.275739, 0.351095, -0.646439, , , 
-0.455529, -0.159896, -1.059057, , , 
0.184646, 0.234119, -0.736560, , , 
-0.286327, 0.226799, -0.762498, , , 
-0.273320, -0.353550, -1.360515, , , 
-0.136211, 0.241667, -0.755389, , , 
-0.215912, -0.239994, -1.152856, , , 
-0.363702, 0.073900, -0.909343, , , 
-0.401623, 0.259795, -0.746433, , , 
-0.565127, 0.005329, -0.933285, , , 
-0.167958, -0.197171, -1.143824, , , 
-0.676253, -0.913735, -2.243209, , , 
-0.506194, 0.012396, -0.930643, , , 
-0.041227, 0.076053, -0.782209, , , 
-0.479964, -0.151284, -1.114927, , , 
-0.181587, -0.417857, -1.430566, , , 
-0.945490, -0.157662, -1.581391, , , 
-0.085715, -0.060198, -0.958623, , , 
-0.247781, -0.814920, -2.036434, , , 
0.003451, -0.041620, -0.843073, , , 
-0.057945, -0.420003, -1.407742, , , 
-0.035993, -0.101192, -1.022449, , , 
-0.505595, 0.010279, -0.943508, , , 
-0.111864, 0.120095, -0.791810, , , 
-0.432700, 0.022113, -0.909803, , , 
-0.499910, 0.018771, -0.929924, , , 
-0.480946, -0.042732, -0.983876, , , 
-0.462812, -0.018272, -0.962682, , , 
0.007749, -0.033576, -0.853142, , , 
-0.196956, -0.146174, -1.041248, , , 
-0.586219, 0.051734, -0.901878, , , 
-0.132472, -0.019838, -0.898946, , , 
0.194939, 0.127857, -0.809568, , , 
-0.571035, -0.136859, -1.131463, , , 
-0.798864, -0.131934, -1.184976, , , 
-0.296811, -0.329473, -1.329505, , , 
0.349259, -0.066873, -0.934617, , , 
-0.426692, 0.276139, -0.684811, , , 
-0.450268, 0.286283, -0.730394, , , 
0.231371, 0.027870, -0.925198, , , 
-0.384973, 0.345259, -0.634956, , , 
-0.540140, -0.081827, -1.035167, , , 
-0.337556, 0.265607, -0.712987, , , 
-0.296577, -0.709087, -1.748625, , , 
0.115157, 0.247942, -0.724027, , , 
-0.269803, -0.020726, -0.810560, , , 
-0.115951, 0.137191, -0.849329, , , 
-0.088585, -0.038867, -0.925158, , , 
-0.293103, 0.030317, -0.935109, , , 
-0.187307, 0.074802, -0.705891, , , 
0.089742, 0.239722, -0.713879, , , 
-0.066545, 0.014424, -0.840683, , , 
-0.445490, 0.263087, -0.686168, , , 
-0.448896, 0.183556, -0.779012, , , 
0.101226, 0.262843, -0.708020, , , 
-0.425371, 0.310988, -0.686811, , , 
-0.066456, 0.333122, -0.648980, , , 
-0.432863, 0.309056, -0.698842, , , 
-0.263716, 0.374045, -0.621577, , , 
-0.194554, 0.401716, -0.582484, , , 
-0.361232, 0.436802, -0.620477, , , 
0.057932, 0.133606, -0.821578, , , 
-0.311952, 0.344193, -0.644075, , , 
-0.016648, 0.023377, -0.862536, , , 
-0.207719, 0.168350, -0.736565, , , 
0.131060, 0.360795, -0.675291, , , 
0.320359, 0.193687, -0.752770, , , 
-0.152148, 0.246986, -0.700599, , , 
0.278521, 0.119236, -0.819919, , , 
-0.248769, 0.086683, -0.788138, , , 
-0.326025, 0.251789, -0.731770, , , 
-0.297668, 0.245408, -0.742910, , , 
0.159071, 0.237348, -0.727091, , , 
-0.132560, 0.245155, -0.746382, , , 
0.085407, 0.227331, -0.728084, , , 
-0.195101, 0.407351, -0.588704, , , 
-0.374703, 0.258622, -0.775815, , , 
-0.566206, 0.032152, -0.924605, , , 
0.094636, 0.356570, -0.618368, , , 
-0.364934, 0.347827, -0.649543, , , 
-0.428157, 0.182057, -0.787909, , , 
-0.066499, 0.387319, -0.614162, , , 
-0.361966, 0.233214, -0.718677, , , 
-0.368002, 0.055613, -0.910740, , , 
-0.389437, 0.271204, -0.733812, , , 
-0.107031, 0.103159, -0.836559, , , 
-0.483807, 0.419237, -0.592567, , , 
-0.216316, 0.278294, -0.701224, , , 
0.091579, 0.181967, -0.771168, , , 
-0.213203, -0.154602, -1.126970, , , 
-0.097380, -0.384481, -1.348570, , , 
-0.039276, 0.242062, -0.756009, , , 
-0.162213, -0.376686, -1.384394, , , 
-0.311170, -0.249965, -1.220218, , , 
-0.325575, -0.378159, -1.391443, , , 
-0.814255, -0.274582, -1.294505, , , 
-0.319491, -0.136082, -1.051733, , , 
-0.596926, -0.398286, -1.376333, , , 
-0.276803, -0.206667, -1.109734, , , 
-0.330456, 0.112463, -0.864842, , , 
0.046618, -0.056946, -0.849408, , , 
-0.186433, 0.182239, -0.772664, , , 
-0.444094, -0.067860, -1.009110, , , 
-0.368525, 0.087803, -0.897028, , , 
-0.683649, -0.907688, -2.307003, , , 
-0.052871, -0.296057, -1.341172, , , 
-0.130547, -0.307613, -1.238391, , , 
-0.161739, -0.055148, -0.978362, , , 
-1.149808, -0.779211, -2.025989, , , 
-0.548232, -0.303369, -1.225458, , , 
-0.276075, -0.037066, -0.830407, , , 
-0.992036, -1.024605, -2.336707, , , 
-0.120695, -0.250460, -1.210755, , , 
-0.086761, 0.097747, -0.829872, , , 
-0.458387, -0.018452, -1.036830, , , 
-0.243870, -0.417221, -1.423410, , , 
-0.025911, -0.769817, -1.940781, , , 
-0.188931, -0.474447, -1.566404, , , 
-0.171848, -0.062935, -0.953974, , , 
-0.467674, -0.143875, -1.105650, , , 
-0.297122, -0.915987, -2.306120, , , 
-0.198193, 0.060452, -0.715015, , , 
-0.308125, -0.256223, -1.188175, , , 
-0.339697, -0.074352, -1.021429, , , 
-0.336904, -0.173131, -1.058747, , , 
-0.323736, -0.074405, -0.964094, , , 
-0.445326, -0.024589, -0.933504, , , 
-0.858104, -0.324911, -1.305721, , , 
-0.029176, -0.447848, -1.470536, , , 
-0.022515, -0.711666, -1.755162, , , 
-0.092352, -0.032711, -0.819309, , , 
-0.015865, -0.940566, -2.079191, , , 
-0.185007, -0.019892, -0.931038, , , 
-0.577094, -0.040277, -0.962437, , , 
-0.466235, 0.026284, -0.922183, , , 
0.307845, -0.479771, -1.028897, , , 
-0.625832, 0.022256, -1.003978, , , 
-0.119673, -0.242308, -1.212440, , , 
-0.228950, 0.055386, -0.720961, , , 
-0.712825, -0.267727, -1.245603, , , 
-0.096534, -0.162750, -1.147139, , , 
-0.914134, -1.003745, -2.298210, , , 
-0.378280, -0.213490, -1.095917, , , 
-1.118054, -0.759329, -1.962005, , , 
-0.588681, -0.013442, -0.965399, , , 
-0.022611, -0.728522, -1.810726, , , 
-0.018877, -0.956329, -2.109012, , , 
-0.167575, -0.969682, -2.169714, , , 
-0.072029, -0.102082, -0.992506, , , 
0.013015, -0.240864, -1.216236, , , 
-0.099707, -0.036993, -0.850878, , , 
0.014200, -0.086197, -1.100532, , , 
-0.558741, -0.368819, -1.337700, , , 
-0.561396, -0.014539, -0.964234, , , 
-0.647552, -0.230486, -1.118167, , , 
0.126012, -0.041134, -0.899212, , , 
-0.017165, 0.015510, -1.009593, , , 
0.081200, 0.153892, -0.796594, , , 
-1.123775, -1.111050, -2.373763, , , 
-0.510779, -0.039132, -0.991294, , , 
0.255975, 0.116329, -0.831664, , , 
-0.157378, -1.000871, -1.870649, , , 
-0.091838, -0.190996, -1.162917, , , 
-0.860882, -1.252638, -2.397338, , , 
-1.079675, -1.218548, -2.337370, , , 
-0.014792, -0.164017, -1.090181, , , 
-0.327887, -1.146048, -2.072578, , , 
0.218337, -0.481444, -1.045243, , , 
-0.980959, -1.012289, -2.281185, , , 
0.000692, -0.145961, -1.073406, , , 
-0.737224, -0.086035, -1.187514, , , 
-0.285269, -0.720655, -1.757778, , , 
-0.235948, -0.116831, -1.044887, , , 
-0.106891, -0.055767, -0.902380, , , 
0.127215, 0.200052, -0.739484, , , 
-0.517774, 0.220040, -0.734349, , , 
-0.375323, 0.142280, -0.835886, , , 
-0.365977, 0.070474, -0.920082, , , 
-0.313707, 0.249940, -0.744532, , , 
-0.043050, 0.045510, -0.832716, , , 
-0.808416, -0.275744, -1.294817, , , 
-0.486218, -0.254368, -1.185107, , , 
-0.114337, -0.026965, -0.812791, , , 
0.025019, 0.321007, -0.704201, , , 
-0.355968, 0.182296, -0.814859, , , 
-0.436160, 0.195218, -0.760099, , , 
-0.220174, 0.049883, -0.711037, , , 
0.046836, 0.284711, -0.701023, , , 
-0.311586, 0.271119, -0.694423, , , 
-0.009272, -0.008606, -0.788296, , , 
-0.052971, -0.157121, -1.087215, , , 
0.133879, 0.240379, -0.709129, , , 
0.095001, 0.362617, -0.628584, , , 
-0.264853, 0.374225, -0.622515, , , 
0.079609, 0.207655, -0.751172, , , 
-0.356729, 0.432151, -0.610748, , , 
-0.334977, 0.285059, -0.760980, , , 
-0.034893, 0.090015, -0.903580, , , 
0.232861, 0.150182, -0.786642, , , 
-0.736422, -0.296673, -1.269631, , , 
-0.292474, 0.192974, -0.799680, , , 
-0.403196, -0.197498, -1.097094, , , 
-0.424275, 0.153204, -0.806092, , , 
-0.132799, -0.014088, -0.921385, , , 
-0.305316, -0.156679, -1.030298, , , 
-0.171193, -0.049079, -0.820963, , , 
-0.541519, -0.039914, -0.988508, , , 
0.088218, -0.029634, -1.009426, , , 
-0.198461, 0.268737, -0.698176, , , 
-0.216512, -0.229804, -1.184715, , , 
-0.369417, -0.167019, -0.968370, , , 
-0.268240, 0.395197, -0.633764, , , 
-0.230015, 0.151137, -0.766737, , , 
0.132214, -0.049431, -0.911269, , , 
-0.383524, 0.207165, -0.679100, , , 
0.087819, -0.027513, -1.000608, , , 
0.018177, 0.302468, -0.676081, , , 
-0.450133, 0.315611, -0.738167, , , 
-0.263447, 0.376333, -0.625979, , , 
-0.402850, 0.266901, -0.632873, , , 
-0.156631, 0.250643, -0.738991, , , 
-0.151960, -0.044139, -0.914621, , , 
-0.321305, 0.249225, -0.754772, , , 
-0.337587, 0.105585, -0.863293, , , 
0.022308, 0.212010, -0.743618, , , 
-0.559917, -0.013444, -0.960337, , , 
-0.338591, 0.203820, -0.785296, , , 
-0.014491, -0.003758, -0.825132, , , 
-0.266693, 0.043420, -0.841857, , , 
-0.186510, 0.136144, -0.744002, , , 
-0.106514, 0.104592, -0.835210, , , 
-0.091668, -0.063340, -0.831756, , , 
-0.361085, -0.220211, -1.171278, , , 
-0.243056, 0.011819, -0.795568, , , 
-0.418597, -0.140909, -1.120193, , , 
0.360021, 0.008318, -0.974422, , , 
0.129014, -0.046585, -0.891371, , , 
0.130699, 0.350310, -0.652318, , , 
-0.474872, 0.347863, -0.635383, , , 
-0.329639, 0.102675, -0.788857, , , 
-0.278102, 0.038900, -0.885594, , , 
0.170796, 0.208846, -0.711564, , , 
0.209486, -0.060232, -0.907107, , , 
0.156641, -0.049144, -0.861351, , , 
0.044625, -0.054919, -0.824912, , , 
-0.094048, 0.013292, -0.814715, , , 
0.105901, 0.313972, -0.669127, , , 
-0.280756, 0.226192, -0.760004, , , 
-0.183748, 0.169553, -0.795227, , , 
0.229782, 0.132938, -0.928737, , , 
-0.706655, -0.111797, -1.154754, , , 
0.280033, 0.195110, -0.735610, , , 
0.292451, 0.106499, -0.816908, , , 
0.179288, 0.160703, -0.776106, , , 
-0.201002, 0.170169, -0.770290, , , 
-0.267309, -0.119142, -1.004936, , , 
0.282459, 0.124409, -0.824255, , , 
0.003481, -0.115407, -1.047159, , , 
-0.432956, 0.030024, -0.907737, , , 
-0.396945, 0.038799, -0.937777, , , 
-0.273250, 0.277884, -0.696591, , , 
-0.100632, -0.007164, -0.823033, , , 
-0.117951, -0.356204, -1.338461, , , 
0.096864, 0.247615, -0.741780, , , 
-0.718693, -0.350371, -1.322249, , , 
-0.345142, 0.041984, -0.929567, , , 
-0.325750, 0.230175, -0.749804, , , 
-0.349061, 0.244638, -0.704037, , , 
-0.202644, 0.053441, -0.725303, , , 
-0.389093, 0.010103, -0.952493, , , 
-0.464963, -0.027900, -0.966775, , , 
-0.012153, 0.198788, -0.765882, , , 
-0.153828, 0.242820, -0.664367, , , 
-0.003121, -0.063267, -0.838043, , , 
-0.634136, -0.264178, -1.382824, , , 
0.018670, -0.234333, -1.199090, , , 
-0.065742, 0.343259, -0.654836, , , 
-0.242156, 0.344265, -0.587949, , , 
0.137040, 0.234939, -0.746281, , , 
-0.040973, 0.353316, -0.533745, , , 
-0.076772, 0.117169, -0.768674, , , 
0.100973, 0.234045, -0.648898, , , 
-0.490609, -0.198339, -1.021459, , , 
-0.065118, 0.341384, -0.649020, , , 
-0.268813, 0.090804, -0.838500, , , 
-0.128558, 0.328834, -0.574677, , , 
-0.446932, 0.288227, -0.654891, , , 
-0.008532, 0.321463, -0.663400, , , 
-0.476042, 0.280142, -0.616913, , , 
-0.147739, 0.362848, -0.622681, , , 
-0.072270, 0.302586, -0.635001, , , 
-0.042553, 0.387207, -0.607503, , , 
-0.305076, 0.227650, -0.646709, , , 
-0.107790, 0.040353, -0.819763, , , 
-0.195341, 0.180714, -0.473353, , , 
0.018902, -0.037532, -0.865025, , , 
-0.066876, 0.319609, -0.631094, , , 
-0.051063, 0.282420, -0.619003, , , 
-0.153655, 0.372967, -0.653580, , , 
-0.355942, 0.030037, -1.017776, , , 
-0.448230, 0.285154, -0.583957, , , 
-0.031194, 0.058458, -0.778903, , , 
-0.076795, 0.307886, -0.693170, , , 
-0.207952, 0.252039, -0.591451, , , 
-0.016973, 0.010646, -0.551278, , , 
-0.423897, 0.233776, -0.587611, , , 
-0.230103, 0.278299, -0.688698, , , 
0.110053, 0.266402, -0.707712, , , 
-0.436684, -0.034183, -0.982066, , , 
0.177104, 0.197470, -0.663809, , , 
-0.272914, 0.354020, -0.646804, , , 
-0.335306, 0.289158, -0.705793, , , 
0.035467, 0.281132, -0.683657, , , 
-0.416886, 0.068411, -0.875903, , , 
-0.539562, -0.130648, -1.082559, , , 
-0.165400, -0.267836, -1.201565, , , 
-0.457640, -0.019168, -0.905940, , , 
0.212804, 0.204119, -0.746907, , , 
-0.281512, -0.285648, -1.321617, , , 
-0.329171, 0.119490, -0.860423, , , 
-0.353920, 0.115840, -0.858522, , , 
-0.489566, -0.147949, -1.153601, , , 
-0.093996, 0.141146, -0.171316, , , 
-0.340806, 0.025076, -0.976913, , , 
0.139134, 0.154523, -0.802454, , , 
-0.615069, -0.189899, -1.100301, , , 
-0.346317, 0.268548, -0.728728, , , 
-0.342233, -0.016482, -0.919939, , , 
-0.239577, 0.144089, -0.797403, , , 
-0.557839, -0.133232, -1.105636, , , 
-0.513435, 0.288310, -0.672170, , , 
-0.474507, 0.257952, -0.679921, , , 
0.211352, 0.151515, -0.773881, , , 
-0.268504, -0.005146, -0.901492, , , 
-0.473073, 0.355374, -0.648200, , , 
0.221927, 0.199330, -0.703474, , , 
-0.064989, 0.386147, -0.597692, , , 
-0.443948, 0.287307, -0.648709, , , 
-0.329405, -0.004332, -0.932686, , , 
-0.082582, -0.016199, -0.798626, , , 
-0.220754, 0.172588, -0.802123, , , 
0.090298, 0.157163, -0.851606, , , 
0.163938, 0.374942, -0.604604, , , 
-0.013026, 0.308456, -0.656401, , , 
0.078621, 0.199356, -0.794913, , , 
-0.118823, 0.135272, -0.875887, , , 
0.247100, 0.190168, -0.795309, , , 
-0.351361, 0.095553, -0.858107, , , 
0.230044, 0.031739, -0.892629, , , 
0.294245, 0.025694, -0.951664, , , 
-0.409066, 0.265337, -0.760579, , , 
0.097216, 0.359789, -0.622343, , , 
-0.172575, 0.246421, -0.644397, , , 
-0.453517, 0.208469, -0.651176, , , 
-0.329343, 0.177434, -0.811717, , , 
-0.448958, 0.345836, -0.618178, , , 
-0.012754, 0.315431, -0.682097, , , 
-0.077255, 0.306482, -0.682044, , , 
-0.529442, -0.228276, -1.088397, , , 
0.018007, 0.304689, -0.692253, , , 
-0.026365, 0.012930, -0.954648, , , 
0.022686, -0.297014, -1.563153, , , 
-0.228434, 0.328783, -0.615887, , , 
-0.360856, 0.245931, -0.732603, , , 
-0.475698, 0.214592, -0.689896, , , 
0.184703, 0.034201, -0.864350, , , 
-0.036697, 0.221740, -0.743629, , , 
-0.463234, 0.271503, -0.714509, , , 
0.047491, 0.131284, -0.750799, , , 
0.301702, 0.159425, -0.792420, , , 
-0.130284, 0.060072, -0.666946, , , 
0.267529, 0.178229, -0.756833, , , 
-0.485740, 0.301401, -0.924425, , , 
-0.122599, 0.338045, -0.652595, , , 
0.273608, 0.130465, -0.721693, , , 
0.310836, 0.134765, -0.815003, , , 
-0.246753, 0.043994, -0.753781, , , 
-0.153195, -0.184426, -1.056712, , , 
0.098106, 0.262966, -0.677434, , , 
-0.150367, -0.029022, -0.702603, , , 
-0.212974, 0.098571, -0.724721, , , 
-0.552029, 0.075015, -0.860143, , , 
-0.282399, 0.109526, -0.699921, , , 
-0.674550, -0.371758, -1.321415, , , 
-0.478500, 0.185850, -0.826717, , , 
-0.084661, -0.021737, -0.823631, , , 
-0.404195, 0.145219, -0.839298, , , 
-0.375980, 0.224470, -0.779782, , , 
-0.434401, -0.128630, -1.082637, , , 
-0.014247, -0.234543, -1.103327, , , 
0.314721, 0.035470, -1.102564, , , 
-0.077676, 0.013662, -0.851544, , , 
0.096085, 0.154065, -0.758165, , , 
-0.415618, 0.026077, -1.002312, , , 
-0.194491, -0.010978, -0.809491, , , 
-0.175405, -0.333223, -1.285310, , , 
-0.398541, 0.070755, -0.904532, , , 
-0.354948, 0.062007, -0.927104, , , 
0.117462, -0.025316, -1.480835, , , 
-0.389908, 0.271262, -0.747869, , , 
-0.336836, -0.003356, -0.920333, , , 
-0.361407, 0.089682, -0.869643, , , 
-0.554286, -0.327795, -1.252133, , , 
-0.715149, -0.233049, -1.207479, , , 
-0.325936, -0.168809, -1.031733, , , 
0.332576, 0.036098, -1.010179, , , 
-0.200404, 0.126016, -0.758486, , , 
-0.212573, 0.067118, -0.745440, , , 
-0.013386, 0.201455, -0.777779, , , 
-0.486927, 0.039592, -0.922452, , , 
-0.596687, -0.296137, -1.217312, , , 
0.220075, 0.222698, -0.699749, , , 
0.323054, 0.162701, -1.000984, , , 
0.233349, 0.120243, -0.809834, , , 
