x,y,z,xt,yt,zt
666, 0.274372, -1.514623,0.000000, 0.000000, -0.000000
-0.094829, 0.249202, -0.825912,-0.022981, -0.006638, 0.001324
-0.587530, 0.044282, -1.012746,-0.411928, 0.052132, -0.003245
-1.230622, 0.275197, -1.529644,-0.432204, 0.053045, -0.004956
-1.266705, 0.277970, -1.580200,-0.402009, 0.053662, -0.011370
-0.503712, 0.048290, -0.993743,0.023471, -0.009769, -0.030789
-0.189014, 0.186711, -0.915595,0.074328, -0.023321, -0.031651
-0.377622, 0.371154, -0.723058,0.111826, -0.027196, -0.029729
-0.626623, 0.445187, -0.716529,0.127897, -0.012832, -0.038152
-0.642561, 0.339527, -0.739154,-0.471854, 0.024631, -0.034668
-0.616745, 0.042376, -1.077719,0.056890, 0.014228, -0.106066
0.097717, 0.158725, -0.901741,0.101570, 0.008879, -0.104508
-0.420798, 0.319673, -0.781165,0.061259, 0.006980, -0.093877
-0.215032, 0.257218, -0.864298,-0.026875, 0.014903, -0.084613
-0.550080, 0.099102, -0.991577,-0.191816, 0.213664, -0.033130
-0.368769, 0.163747, -0.809425,-0.205144, -0.115383, -0.117320
-0.092232, 0.256734, -0.782629,-0.215509, -0.184389, -0.133898
-0.091719, 0.209134, -0.873527,-0.218076, -0.214744, -0.144958
-0.218124, 0.145876, -0.974514,-0.194594, 0.183172, -0.045924
-0.154445, 0.309700, -0.784115,-0.177471, 0.248427, -0.040317
-0.489290, -0.127605, -1.203239,-0.176165, 0.263288, -0.039162
-0.172243, 0.347208, -0.777650,-0.217327, -0.163894, -0.144605
-0.526247, 0.135183, -0.968370,-0.200807, -0.050885, -0.115306
-0.493137, 0.193536, -0.925176,-0.170991, 0.155235, -0.080387
-0.723864, 0.091386, -1.002818,-0.177037, 0.118391, -0.094701
-0.593938, 0.102544, -0.976429,-0.178489, 0.104674, -0.106944
-0.539845, -0.118115, -1.222430,-0.183555, 0.097929, -0.104313
-0.775350, -0.013582, -1.126948, , , 
-0.570271, -0.155805, -1.261334, , , 
-0.399058, -0.262127, -1.404068, , , 
-0.899489, -0.221849, -1.346305, , , 
0.012223, 0.196504, -0.886835, , , 
-0.137829, 0.358209, -0.829569, , , 
0.147534, 0.113562, -0.959372, , , 
-0.127783, 0.299618, -0.775632, , , 
-0.245171, 0.256749, -0.814097, , , 
-0.295099, 0.292658, -0.822273, , , 
0.494566, 0.135596, -0.968076, , , 
-0.418522, 0.273881, -0.837895, , , 
-0.098905, 0.020178, -1.081157, , , 
-0.151853, 0.007129, -1.076242, , , 
0.455968, 0.119762, -0.969586, , , 
-0.449128, 0.241636, -0.880029, , , 
-0.488968, 0.224281, -0.899717, , , 
-0.512466, 0.115765, -0.988399, , , 
-0.542962, -0.268061, -1.431521, , , 
-0.211472, 0.049345, -0.947451, , , 
-0.336334, 0.130225, -0.955944, , , 
0.040122, -0.036168, -0.977867, , , 
-0.339994, 0.107229, -0.959109, , , 
-0.232194, 0.103281, -0.924165, , , 
-0.525103, 0.160860, -0.945173, , , 
0.158838, -0.042206, -1.145099, , , 
0.291991, 0.136585, -0.878195, , , 
0.236885, 0.064617, -1.060733, , , 
-0.324811, 0.301312, -0.808972, , , 
0.365298, -0.075446, -1.049900, , , 
-0.335853, 0.235305, -0.855575, , , 
-0.410581, 0.062390, -0.845966, , , 
-0.251102, 0.146054, -0.911995, , , 
0.432503, 0.290917, -0.828736, , , 
-0.316571, 0.165518, -0.815802, , , 
-0.295253, 0.206802, -0.900881, , , 
-0.222339, -0.533307, -1.233946, , , 
0.356319, 0.289093, -0.812598, , , 
-0.250047, 0.260403, -0.828655, , , 
0.333397, 0.258607, -0.835927, , , 
-0.317989, 0.149133, -0.799033, , , 
-0.273115, 0.265930, -0.781116, , , 
0.298030, -0.069052, -1.005028, , , 
0.206161, -0.048368, -1.120676, , , 
-0.315077, 0.164147, -0.807893, , , 
0.396642, -0.313989, -0.937534, , , 
0.385897, 0.255846, -0.848998, , , 
-0.209423, 0.255142, -0.853098, , , 
0.157801, -0.041031, -1.127528, , , 
-0.152505, 0.007211, -1.074811, , , 
-0.077833, 0.202055, -0.864071, , , 
-0.440194, 0.055281, -0.941113, , , 
-0.293610, -0.010842, -1.038794, , , 
-0.301203, 0.287172, -0.826669, , , 
-0.051077, 0.256328, -0.814230, , , 
-0.262387, -0.032419, -0.989396, , , 
-0.257520, 0.101304, -0.914615, , , 
-0.218852, -0.147085, -0.892676, , , 
-0.130395, 0.300367, -0.785150, , , 
0.368450, 0.298530, -0.837257, , , 
0.363785, -0.075248, -1.039757, , , 
0.044695, -0.025415, -0.974302, , , 
-0.421848, 0.274752, -0.844182, , , 
-0.223751, 0.117289, -0.915444, , , 
-0.106576, 0.182486, -0.886847, , , 
-0.059255, 0.270711, -0.863218, , , 
-0.013942, 0.241020, -0.835073, , , 
-0.225527, -0.130723, -0.938756, , , 
-0.303314, -0.199493, -1.246931, , , 
-0.104476, 0.022317, -1.103630, , , 
0.207155, -0.048693, -1.124844, , , 
0.382061, -0.303161, -0.905399, , , 
0.377219, -0.296524, -0.888451, , , 
-0.269041, -0.046771, -1.107941, , , 
-0.257853, 0.102869, -0.911471, , , 
0.301995, 0.185355, -0.887191, , , 
0.219412, 0.108362, -0.867481, , , 
-0.400805, 0.081746, -0.827680, , , 
-0.234951, 0.102386, -0.918030, , , 
0.313444, -0.074552, -1.060449, , , 
-0.017528, 0.043716, -1.100108, , , 
-0.105823, 0.025728, -1.088745, , , 
-0.350216, 0.014820, -0.896860, , , 
-0.309652, -0.198706, -1.254015, , , 
0.101582, 0.197098, -0.872012, , , 
-0.211803, 0.127031, -0.939406, , , 
-0.223613, -0.266053, -0.839520, , , 
0.326061, -0.128178, -1.045445, , , 
-0.298970, 0.288963, -0.821262, , , 
-0.024131, -0.014560, -1.232864, , , 
-0.546357, 0.071985, -1.037772, , , 
-0.339774, 0.026729, -0.958548, , , 
-0.401855, 0.080674, -0.808990, , , 
0.155799, 0.141766, -0.926404, , , 
0.213926, 0.122409, -0.944508, , , 
-0.248188, -0.280211, -0.874899, , , 
0.070755, -0.045079, -1.018466, , , 
-0.434124, 0.274255, -0.839610, , , 
0.082860, 0.054625, -1.020524, , , 
0.133817, 0.215956, -0.908903, , , 
0.360778, -0.076548, -1.025643, , , 
0.465152, -0.285628, -1.415177, , , 
-0.064114, 0.264252, -0.819108, , , 
-0.021819, 0.203280, -0.866938, , , 
0.009544, 0.155384, -0.950203, , , 
-0.106240, 0.184104, -0.885462, , , 
0.401576, -0.212366, -1.154092, , , 
0.453030, -0.272325, -1.373737, , , 
-0.256300, 0.105007, -0.910582, , , 
-0.298088, 0.116817, -0.850674, , , 
0.468978, -0.360320, -1.229816, , , 
0.147556, 0.014273, -1.087754, , , 
0.189597, 0.170287, -0.885616, , , 
-0.206835, -0.042045, -0.932387, , , 
-0.011999, 0.241061, -0.819736, , , 
0.307866, -0.075592, -1.049889, , , 
-0.411795, 0.147420, -0.848546, , , 
-0.309583, 0.089725, -0.781100, , , 
0.386437, -0.302082, -0.905242, , , 
0.327931, -0.276393, -0.964174, , , 
-0.312967, -0.198361, -1.241063, , , 
0.063042, -0.019577, -1.232789, , , 
0.374061, -0.224424, -1.128082, , , 
0.122002, 0.038487, -1.043823, , , 
-0.361580, 0.120764, -0.800207, , , 
0.088157, 0.061045, -1.019827, , , 
-0.353312, 0.007529, -1.173874, , , 
0.308176, -0.123609, -0.980413, , , 
-0.251587, 0.144965, -0.912140, , , 
-0.479397, 0.250548, -0.870330, , , 
0.093795, 0.154417, -0.886060, , , 
0.221207, -0.007155, -1.091806, , , 
0.473440, -0.017915, -1.083131, , , 
0.355380, 0.288350, -0.813435, , , 
0.473759, -0.017913, -1.084910, , , 
0.306308, 0.170228, -0.932057, , , 
-0.357919, 0.123944, -0.799801, , , 
-0.305977, 0.059769, -0.917172, , , 
-0.369483, -0.124340, -1.206192, , , 
0.143716, 0.196088, -0.848396, , , 
0.190636, 0.171966, -0.907341, , , 
-0.613756, -0.116209, -1.192751, , , 
0.214697, 0.122929, -0.945900, , , 
-0.317291, 0.147365, -0.797547, , , 
-0.348656, 0.163431, -0.794066, , , 
-0.448691, 0.241521, -0.874870, , , 
0.306771, 0.037822, -1.077336, , , 
0.161475, -0.041238, -1.145163, , , 
-0.498408, 0.175306, -0.936834, , , 
-0.478613, 0.250524, -0.867826, , , 
-0.520275, -0.048891, -1.081509, , , 
0.457540, 0.120644, -0.969264, , , 
0.330919, 0.239658, -0.878429, , , 
-0.280101, -0.040363, -1.084148, , , 
-0.298047, 0.033686, -1.142301, , , 
-0.193292, 0.017873, -0.988093, , , 
-0.520970, -0.164634, -1.283366, , , 
0.466949, -0.014566, -1.071857, , , 
0.079601, 0.211514, -0.826210, , , 
-0.204851, 0.247965, -0.833955, , , 
-0.319072, 0.036587, -0.989963, , , 
-0.012975, 0.051266, -1.088615, , , 
0.299495, 0.056177, -1.058140, , , 
-0.603454, -0.050559, -1.162552, , , 
-0.656206, -0.225841, -1.324494, , , 
-0.394786, -0.075363, -1.126768, , , 
-0.651330, -0.137292, -1.279106, , , 
0.296779, 0.164121, -0.892820, , , 
-0.504342, -0.143336, -1.286543, , , 
-0.408338, -0.256354, -1.411405, , , 
0.302523, 0.184992, -0.886472, , , 
-1.153813, -0.775437, -2.230231, , , 
-0.013879, -0.015372, -1.141336, , , 
0.320532, -0.131369, -1.027027, , , 
-0.933561, -0.678987, -2.192062, , , 
0.331908, -0.641400, -1.651190, , , 
-0.211014, 0.270625, -0.838837, , , 
0.213497, -0.042255, -1.107421, , , 
-0.063422, 0.245572, -0.840968, , , 
0.287191, 0.057142, -1.033577, , , 
-0.603261, 0.047847, -1.038340, , , 
0.296517, 0.060510, -1.064417, , , 
-0.288211, 0.002664, -1.068695, , , 
-0.411713, 0.151355, -0.851713, , , 
-0.250749, 0.143603, -0.909640, , , 
-0.973235, -0.716247, -2.290143, , , 
-0.493667, 0.255946, -0.858338, , , 
0.071182, 0.133481, -0.927569, , , 
-0.152465, 0.312546, -0.795990, , , 
0.181420, 0.188169, -0.893221, , , 
-0.359995, 0.008617, -1.044874, , , 
-0.658318, -0.198663, -1.354337, , , 
-0.196171, 0.015400, -0.969512, , , 
-0.311996, -0.001983, -1.243953, , , 
-0.393947, -0.070955, -1.106801, , , 
-0.284748, 0.173805, -0.897526, , , 
-0.049915, -0.418386, -1.150559, , , 
-0.402322, 0.125821, -0.846052, , , 
0.039579, -0.036880, -0.975180, , , 
-0.399213, -0.259428, -1.417574, , , 
-0.297732, 0.108796, -0.844731, , , 
-0.476131, 0.239309, -0.880514, , , 
0.143705, 0.164965, -0.869947, , , 
-0.527843, 0.161591, -0.950860, , , 
-0.299965, 0.144021, -0.832848, , , 
0.356304, 0.115868, -1.026642, , , 
-0.285881, 0.002645, -1.079670, , , 
-0.207917, 0.088966, -0.989164, , , 
-0.346363, 0.064450, -1.011289, , , 
-0.381097, -0.123770, -1.200088, , , 
-0.360970, -0.160816, -1.276916, , , 
-0.115788, -0.256702, -0.748147, , , 
-0.308408, -0.160457, -1.272320, , , 
-0.537993, -0.263648, -1.419197, , , 
-0.385008, -0.198947, -1.312716, , , 
-0.101424, 0.192491, -0.883171, , , 
-0.479685, 0.277728, -0.839212, , , 
-0.389508, -0.199880, -1.328402, , , 
-0.801118, -0.273451, -1.414505, , , 
-0.516643, 0.231542, -0.877650, , , 
0.101438, 0.147004, -0.872052, , , 
-0.597642, 0.080089, -1.005495, , , 
-0.735984, 0.131499, -0.958637, , , 
-0.276839, 0.063757, -0.919352, , , 
-0.257834, 0.059664, -0.836282, , , 
-0.216098, 0.022073, -1.047309, , , 
0.100980, 0.213551, -0.875285, , , 
-0.348422, 0.166240, -0.798186, , , 
-1.214849, -0.777637, -2.225154, , , 
-0.565669, 0.234906, -0.859133, , , 
-0.356514, 0.125727, -0.800394, , , 
-0.189003, 0.235711, -0.882401, , , 
0.288663, 0.119024, -0.981680, , , 
-0.314385, 0.074787, -0.939564, , , 
-0.730456, -0.204960, -1.273270, , , 
-0.743841, -0.164492, -1.238161, , , 
0.467259, 0.050236, -1.113361, , , 
0.359366, 0.120203, -1.044764, , , 
0.594557, -1.443268, -4.035054, , , 
-0.733095, -0.209577, -1.294148, , , 
-0.420058, -0.025960, -1.077997, , , 
-0.070693, 0.206034, -0.885331, , , 
-0.218050, 0.060174, -0.971943, , , 
0.147783, 0.019699, -1.084915, , , 
0.374097, 0.213688, -0.987772, , , 
0.192477, 0.172294, -0.906211, , , 
-0.305239, 0.107352, -0.790299, , , 
-0.511439, 0.286138, -0.832335, , , 
0.832540, -0.959556, -2.213379, , , 
-0.504194, 0.283488, -0.838955, , , 
-0.295391, 0.207113, -0.902062, , , 
-0.070715, -0.001467, -1.096426, , , 
-0.821461, -0.119907, -1.199855, , , 
-0.681672, 0.061959, -1.015521, , , 
-0.851802, -0.007295, -1.172557, , , 
-0.470250, 0.376892, -0.710647, , , 
-0.551901, -0.098553, -1.126620, , , 
-0.589075, -0.152398, -1.303316, , , 
-0.403534, 0.147673, -0.829181, , , 
-0.238149, 0.097276, -0.916621, , , 
-0.525313, 0.136518, -0.970865, , , 
-0.732999, -0.145742, -1.211209, , , 
-0.657828, 0.054105, -1.042276, , , 
-0.000130, 0.155913, -0.911398, , , 
0.142863, 0.113793, -0.940531, , , 
-0.217663, 0.120015, -0.885323, , , 
-0.543411, 0.310426, -0.814923, , , 
-0.502115, -0.197083, -1.343715, , , 
-0.611462, 0.074575, -1.016987, , , 
-0.558069, 0.188364, -0.905479, , , 
-0.981653, -0.148512, -1.319521, , , 
0.096076, 0.056701, -1.046275, , , 
-0.599270, 0.244432, -0.859681, , , 
-0.303175, -0.139754, -1.253412, , , 
-0.278456, 0.064921, -0.905388, , , 
-1.039031, -0.493182, -1.702962, , , 
-0.312720, -0.255832, -1.378532, , , 
-0.303693, 0.278718, -0.848314, , , 
0.031265, 0.216696, -0.845110, , , 
-0.415934, -0.343097, -1.502018, , , 
-0.734469, -0.034861, -1.149460, , , 
-1.226184, -0.784831, -2.255694, , , 
-0.669470, 0.069145, -1.023095, , , 
-0.237255, 0.114210, -0.811251, , , 
-0.749573, -0.168073, -1.259804, , , 
-0.642890, 0.275291, -0.781083, , , 
-0.596890, 0.081145, -1.000036, , , 
-0.073067, -0.000158, -1.093413, , , 
-0.501329, 0.099096, -1.002003, , , 
0.212337, 0.176873, -0.896090, , , 
0.394607, -1.523309, -4.328351, , , 
-0.002348, 0.154234, -0.911141, , , 
-0.975199, -0.148521, -1.312737, , , 
-0.665725, -0.072294, -1.163490, , , 
-0.837845, -0.081261, -1.166702, , , 
-0.505530, 0.283499, -0.842164, , , 
-0.652822, -0.085977, -1.211367, , , 
-0.983201, -0.146900, -1.310859, , , 
-0.838148, -0.084645, -1.172087, , , 
-0.309874, -0.277709, -1.438780, , , 
-0.454468, 0.073596, -0.908141, , , 
-0.069365, 0.290205, -0.813178, , , 
-0.890976, -0.210584, -1.340534, , , 
-0.289753, 0.142832, -0.895981, , , 
-0.264752, -0.046514, -1.166300, , , 
-0.302226, -0.141616, -1.258244, , , 
-0.154510, -0.010182, -0.942655, , , 
0.601968, -1.469267, -4.096441, , , 
-0.666116, -0.111800, -1.105107, , , 
-0.280922, 0.065245, -0.915716, , , 
-0.809642, -0.081509, -1.113215, , , 
-0.969227, -0.260429, -1.396548, , , 
-0.563766, 0.201776, -0.899857, , , 
-0.073022, 0.174422, -0.893474, , , 
-0.888427, -0.208675, -1.332915, , , 
-0.419565, -0.146310, -1.226887, , , 
-0.525135, 0.298575, -0.817950, , , 
-0.598952, 0.243746, -0.861614, , , 
-0.727131, 0.094244, -1.005342, , , 
0.009556, 0.149780, -0.884653, , , 
-0.602626, 0.310782, -0.751145, , , 
-0.690730, 0.343899, -0.779731, , , 
-0.610418, 0.311139, -0.758035, , , 
-0.378067, -0.329349, -1.492769, , , 
-0.671365, 0.068573, -1.023850, , , 
-0.674550, 0.241568, -0.873126, , , 
-0.524559, 0.316356, -0.808742, , , 
-0.603347, 0.310331, -0.749182, , , 
0.015922, 0.149366, -0.910130, , , 
-0.611482, 0.311120, -0.755238, , , 
-0.597446, 0.078616, -1.008863, , , 
0.053197, 0.209469, -0.843579, , , 
-0.737283, 0.130977, -0.961848, , , 
-0.498430, 0.211054, -0.911823, , , 
-0.861295, -0.004200, -1.175169, , , 
0.059781, 0.066407, -1.306540, , , 
-0.736352, 0.127924, -0.962192, , , 
-0.237955, 0.330691, -0.769571, , , 
-0.888758, -0.210427, -1.336124, , , 
-0.449346, 0.041272, -0.912258, , , 
-0.266842, -0.073999, -1.147804, , , 
-0.904943, -0.183215, -1.291802, , , 
-1.196819, 0.302698, -1.549734, , , 
-0.947328, -0.219627, -1.296227, , , 
-0.420117, -0.343065, -1.504755, , , 
-0.586588, 0.136372, -0.965386, , , 
-0.735632, 0.361533, -0.701461, , , 
-0.894151, -0.166354, -1.269906, , , 
-0.340708, -0.195073, -1.283608, , , 
-0.601457, 0.398522, -0.719199, , , 
-0.440778, 0.050518, -0.892719, , , 
-0.256487, -0.073100, -1.054470, , , 
-0.675640, -0.119801, -1.180537, , , 
-0.237487, -0.102523, -1.179772, , , 
-0.448343, 0.043364, -0.933034, , , 
-0.900602, -0.170822, -1.282839, , , 
-0.720620, 0.372478, -0.869733, , , 
-0.396822, 0.201714, -0.871550, , , 
-0.887694, -0.206596, -1.327044, , , 
-0.677303, 0.327904, -0.745579, , , 
-0.253673, -0.260501, -1.278286, , , 
-0.384794, 0.221534, -0.891254, , , 
-0.117247, 0.017483, -1.120715, , , 
-0.251792, -0.270462, -1.291596, , , 
-0.636389, 0.278670, -0.789609, , , 
-1.764477, -0.592679, -2.572228, , , 
-0.132279, -0.319912, -1.535741, , , 
-0.224313, -0.178030, -1.302664, , , 
-0.359678, 0.006118, -1.063494, , , 
-0.430977, -0.152646, -1.249074, , , 
-0.300157, -0.262016, -1.420801, , , 
-1.022339, -0.190359, -1.319872, , , 
-0.938138, -0.018618, -1.168128, , , 
-0.060341, 0.247336, -0.800414, , , 
-0.260612, -0.249875, -1.375413, , , 
-0.497559, 0.385164, -0.733641, , , 
-0.149445, 0.323921, -0.779658, , , 
-0.392290, -0.402895, -1.634372, , , 
-1.005250, 0.458433, -1.040491, , , 
-0.234486, -0.105829, -1.200361, , , 
-0.421267, -0.024642, -1.075122, , , 
-0.304557, -0.121042, -1.258109, , , 
-1.421644, 0.281585, -1.768331, , , 
-1.401903, 0.363232, -1.475867, , , 
-0.308525, 0.090803, -0.776154, , , 
-1.203671, 0.223986, -1.374803, , , 
-0.293574, -0.014021, -1.045424, , , 
-0.417325, -0.060761, -1.096925, , , 
-0.497073, 0.386776, -0.729364, , , 
-0.495834, 0.174426, -0.936667, , , 
-0.525604, 0.133826, -0.983614, , , 
-1.440355, 0.081414, -1.693085, , , 
-1.255451, 0.421796, -1.565706, , , 
-1.454153, 0.379977, -1.555159, , , 
-0.311259, -0.338401, -1.492545, , , 
-0.131025, 0.170009, -0.916445, , , 
-0.203312, 0.053269, -0.855180, , , 
-0.442958, 0.139317, -0.860589, , , 
-0.618246, 0.286958, -0.786737, , , 
-0.486797, 0.075716, -1.026413, , , 
-0.259248, 0.145641, -0.958441, , , 
-0.702770, 0.059682, -1.048933, , , 
-0.259921, 0.139846, -0.939313, , , 
-0.585905, 0.251801, -0.835987, , , 
-0.677633, -0.076059, -1.201019, , , 
-0.497681, -0.076345, -1.100407, , , 
-0.338591, 0.211054, -0.836962, , , 
-0.485009, 0.077589, -1.020090, , , 
-0.449330, 0.245466, -0.873034, , , 
-0.710511, 0.444311, -0.610226, , , 
-0.580709, 0.320523, -0.689919, , , 
-0.305786, -0.108586, -1.194343, , , 
-0.449531, 0.039214, -0.956017, , , 
-0.347552, 0.014655, -0.901107, , , 
-0.449887, 0.039439, -0.917664, , , 
-1.296557, 0.417953, -1.357611, , , 
-0.399057, 0.163837, -0.836807, , , 
-1.497777, -0.066109, -1.506000, , , 
-0.399428, 0.164223, -0.838664, , , 
-0.315301, 0.079953, -0.926033, , , 
-0.305897, 0.091383, -0.786077, , , 
-0.321144, 0.078575, -0.873691, , , 
-0.303908, 0.083077, -1.017007, , , 
-0.714627, 0.449915, -0.620424, , , 
-0.399802, -0.344335, -1.433372, , , 
-0.738803, 0.154484, -0.977287, , , 
-0.815637, -0.144194, -1.222571, , , 
-0.598951, 0.394392, -0.712902, , , 
-0.820408, -0.087072, -1.149094, , , 
-0.939173, -0.001163, -1.180735, , , 
-0.916394, -0.273188, -1.478408, , , 
-0.516308, -0.177902, -1.314658, , , 
-0.193227, -0.067984, -1.122546, , , 
-0.615300, 0.312915, -0.756865, , , 
-0.301888, 0.108014, -0.798898, , , 
-0.995593, 0.460782, -0.834348, , , 
-0.293086, -0.010598, -1.044389, , , 
-0.715508, 0.450571, -0.621519, , , 
-0.725099, 0.362809, -0.675221, , , 
-0.775501, -0.199930, -1.281775, , , 
-0.737578, -0.190021, -1.260010, , , 
-0.632165, -0.057181, -1.239466, , , 
-0.458154, 0.078227, -0.961991, , , 
-0.293752, -0.012818, -1.041904, , , 
-0.276942, -0.198774, -1.281260, , , 
-0.511424, 0.271095, -0.850600, , , 
-0.305531, 0.224124, -0.891379, , , 
-0.574665, 0.323262, -0.730449, , , 
-1.032612, -0.194492, -1.337577, , , 
-0.448954, 0.041761, -0.918149, , , 
-0.497485, 0.095684, -0.998334, , , 
-0.324276, 0.300124, -0.809045, , , 
-0.131072, 0.167867, -0.899368, , , 
-1.445380, -0.017500, -1.480276, , , 
-0.481093, 0.277167, -0.839827, , , 
-0.275297, -0.084258, -1.190875, , , 
-0.260291, -0.247777, -1.357482, , , 
0.081742, 0.213982, -0.834959, , , 
0.320547, 0.046366, -1.020744, , , 
-0.067505, 0.177573, -0.928004, , , 
0.327785, 0.048584, -1.045265, , , 
0.343022, 0.112755, -0.981582, , , 
-0.118999, 0.006927, -0.965889, , , 
-0.201046, 0.087580, -0.969397, , , 
-0.340579, 0.111651, -0.972620, , , 
-0.607315, -0.108334, -1.166844, , , 
0.366700, -0.076955, -1.043560, , , 
0.342073, 0.112266, -0.979694, , , 
-0.132529, -0.327217, -0.963264, , , 
-0.363475, -0.158315, -1.398609, , , 
0.315235, 0.053017, -1.167942, , , 
-0.136281, 0.106947, -0.997403, , , 
-0.442766, -0.147427, -1.305707, , , 
0.327563, -0.113351, -1.012398, , , 
0.490428, -0.745064, -1.917515, , , 
0.458522, 0.121018, -0.975502, , , 
0.292382, 0.045713, -1.057489, , , 
0.216388, -0.008466, -1.001923, , , 
0.810104, -0.725883, -1.835447, , , 
0.371064, 0.095303, -0.989590, , , 
0.177846, 0.103419, -0.948578, , , 
-0.379731, 0.032030, -1.066849, , , 
0.313390, -0.143005, -0.981232, , , 
0.069587, -0.024586, -1.108884, , , 
-0.375454, -0.191292, -1.332970, , , 
-0.331789, 0.125618, -0.946274, , , 
0.048139, 0.139046, -0.915612, , , 
-0.195721, 0.054234, -0.892196, , , 
0.451526, -0.414158, -1.277450, , , 
-0.379538, 0.032104, -1.068375, , , 
0.585505, -0.407570, -1.549302, , , 
0.076583, 0.002216, -0.188216, , , 
0.076884, -0.029625, -1.380538, , , 
0.452346, 0.014897, -1.050893, , , 
0.326377, -0.145839, -1.038380, , , 
0.140795, -0.341398, -0.937971, , , 
0.412846, -0.387366, -1.154440, , , 
0.231700, 0.116927, -0.945463, , , 
0.325927, -0.149233, -1.035296, , , 
0.368115, 0.095585, -0.978626, , , 
-0.038328, -0.369769, -1.012400, , , 
-0.057018, 0.168219, -0.893083, , , 
0.431543, -0.835517, -2.193407, , , 
0.218049, 0.098254, -0.960892, , , 
0.122504, 0.119729, -0.939054, , , 
0.229423, 0.116139, -0.938667, , , 
0.649540, 0.034643, -1.072425, , , 
-0.200742, -0.006154, -0.941625, , , 
-0.073206, -0.466987, -1.298950, , , 
0.516616, 0.137848, -0.937512, , , 
-0.014911, -0.014154, -1.192021, , , 
0.323833, -0.350789, -0.937803, , , 
0.714651, 0.224583, -0.916179, , , 
0.629787, 0.033106, -1.117572, , , 
0.496582, -0.014316, -0.995645, , , 
0.874956, -0.839552, -2.028723, , , 
-0.102660, 0.031200, -1.089248, , , 
0.291789, -0.069793, -1.039827, , , 
-0.040182, 0.163981, -0.894707, , , 
0.645613, 0.035311, -1.069426, , , 
0.621605, 0.025396, -1.085818, , , 
0.451803, 0.021064, -1.117223, , , 
-0.063184, 0.199752, -0.875508, , , 
-0.024558, 0.159512, -0.900308, , , 
0.101604, 0.178892, -1.037326, , , 
-0.039178, 0.164410, -0.889717, , , 
0.540474, 0.146002, -0.989259, , , 
0.355999, 0.091609, -0.955522, , , 
0.666796, 0.188913, -0.963834, , , 
-0.103618, 0.029901, -1.083877, , , 
0.274039, 0.172703, -0.903577, , , 
0.714284, 0.146257, -0.916555, , , 
1.017967, -0.807040, -2.032789, , , 
0.622061, 0.026178, -1.088810, , , 
0.438263, -0.835463, -1.894672, , , 
0.495069, 0.134560, -0.973428, , , 
-0.208422, 0.089491, -0.985644, , , 
0.457967, 0.121130, -0.974918, , , 
0.472558, 0.224747, -0.922078, , , 
0.039869, 0.145344, -0.928236, , , 
-0.047378, 0.027945, -1.064857, , , 
0.503241, -0.005911, -1.183298, , , 
0.635420, 0.166664, -1.029362, , , 
0.713465, 0.145397, -0.915352, , , 
0.528524, 0.141713, -0.963177, , , 
0.315663, -0.124300, -1.003607, , , 
0.180334, 0.104048, -0.958131, , , 
0.705720, 0.233070, -0.887959, , , 
-0.273843, -0.416585, -1.223167, , , 
0.611180, 0.027191, -1.068093, , , 
0.710561, 0.144052, -0.914974, , , 
0.687529, 0.182411, -1.019223, , , 
1.282230, -0.983389, -2.306419, , , 
0.870933, -0.842987, -2.019159, , , 
-0.082915, 0.172533, -0.854499, , , 
0.455536, 0.207878, -0.835336, , , 
1.207849, -0.929227, -2.170910, , , 
0.478532, -0.935368, -2.115664, , , 
0.664754, 0.061925, -1.190682, , , 
0.747646, 0.029179, -1.053675, , , 
0.841497, -0.854764, -2.169921, , , 
0.801807, -0.903483, -2.105890, , , 
-0.219887, 0.135189, -0.975366, , , 
0.815509, -0.934544, -2.162956, , , 
0.618452, 0.027146, -1.083160, , , 
0.729065, 0.235656, -0.927743, , , 
0.112688, 0.050075, -1.185461, , , 
1.120410, -0.823518, -2.087470, , , 
0.900079, -1.281480, -2.824526, , , 
1.379436, -1.071333, -2.517642, , , 
0.928959, -0.511151, -1.471828, , , 
0.737132, 0.025865, -1.036872, , , 
0.404567, -0.335978, -1.278483, , , 
0.466189, 0.218765, -0.903069, , , 
0.680010, 0.196655, -0.885717, , , 
0.599194, 0.155976, -0.961329, , , 
0.003376, 0.066821, -1.185641, , , 
0.623695, 0.168196, -0.887871, , , 
0.300837, -0.148105, -0.924630, , , 
0.730465, -0.580160, -1.633928, , , 
0.814267, -0.830308, -2.100968, , , 
0.117108, 0.149354, -0.914361, , , 
0.707644, 0.023952, -0.993302, , , 
0.455274, 0.120381, -0.964219, , , 
0.539220, 0.143951, -0.984986, , , 
-0.039558, 0.164231, -0.896529, , , 
-0.147737, 0.115664, -1.044106, , , 
0.073765, 0.116974, -0.819334, , , 
0.351275, -0.174542, -1.157963, , , 
0.578487, 0.147389, -0.764301, , , 
0.422390, -1.715878, -4.875802, , , 
0.710166, 0.160279, -0.997582, , , 
0.516397, 0.135911, -0.933760, , , 
0.233286, 0.162703, -0.871585, , , 
0.669627, 0.149963, -0.985670, , , 
0.682221, 0.090306, -1.043449, , , 
-0.280202, -0.430561, -1.248180, , , 
0.686416, 0.064691, -1.030489, , , 
0.263143, 0.107297, -0.949951, , , 
0.661350, -0.599632, -1.631806, , , 
0.704001, 0.027357, -0.984751, , , 
0.725095, 0.057437, -1.014109, , , 
0.097022, -0.042085, -1.095734, , , 
0.690187, -0.414122, -1.166567, , , 
0.659634, 0.177016, -0.941835, , , 
0.643679, 0.139446, -0.947825, , , 
0.503992, 0.052930, -0.899845, , , 
0.821277, -0.829442, -2.104820, , , 
1.013403, -0.739670, -1.897082, , , 
0.665585, 0.186886, -0.961865, , , 
1.042917, -0.518430, -1.613920, , , 
-0.003443, 0.071898, -1.419559, , , 
-0.056511, 0.168863, -0.895290, , , 
0.469322, 0.016268, -1.089223, , , 
0.942444, -0.773911, -1.942808, , , 
0.258290, 0.004273, -1.095905, , , 
0.677715, 0.188268, -0.963263, , , 
0.327873, 0.242436, -0.868160, , , 
0.657141, 0.179880, -0.944639, , , 
0.307126, -0.070808, -1.032145, , , 
0.093904, 0.221296, -0.858571, , , 
0.837635, -0.769551, -1.697124, , , 
-0.208276, 0.069654, -0.941673, , , 
-0.206438, -0.064328, -0.912403, , , 
0.847655, -0.801395, -1.877333, , , 
0.537544, -0.004504, -1.009003, , , 
0.544232, 0.059156, -0.990436, , , 
0.455136, -0.880733, -1.992853, , , 
0.256312, 0.091008, -0.982640, , , 
0.365673, -0.289065, -0.866345, , , 
0.907626, -0.620936, -1.781260, , , 
0.496827, 0.228421, -0.923868, , , 
-0.396423, -0.119993, -1.215728, , , 
0.670318, 0.068208, -1.102037, , , 
0.709015, 0.064785, -1.065633, , , 
0.016968, 0.148949, -0.912735, , , 
0.869415, -0.606121, -1.728825, , , 
-0.202722, -0.038023, -0.921332, , , 
0.208097, -0.049271, -1.120263, , , 
0.215818, 0.179945, -0.906297, , , 
0.515378, 0.064825, -1.058187, , , 
-0.248895, 0.151640, -0.950676, , , 
-0.502282, -0.142648, -1.289923, , , 
0.621427, 0.162651, -1.010385, , , 
0.611787, 0.158135, -0.988104, , , 
0.694800, 0.032481, -0.967461, , , 
-0.074696, 0.002038, -1.031994, , , 
0.840981, -0.566376, -1.644047, , , 
0.752279, 0.044056, -1.249804, , , 
0.031051, -0.037292, -1.133454, , , 
0.500575, -0.013264, -1.002038, , , 
0.381989, -0.324670, -1.117293, , , 
0.379177, -0.268472, -1.017357, , , 
0.367674, -1.342229, -3.793299, , , 
0.300082, 0.185214, -0.883446, , , 
-0.205893, 0.037406, -0.912678, , , 
-0.654461, -0.198049, -1.342527, , , 
-0.656010, 0.094868, -0.984630, , , 
-1.271116, -0.643437, -1.965736, , , 
-0.853122, -0.006110, -1.171150, , , 
-0.671065, 0.093202, -0.996457, , , 
-0.568737, 0.236020, -0.865156, , , 
-0.753707, 0.050862, -1.047643, , , 
-0.986044, -0.299666, -1.470869, , , 
-0.303671, 0.091400, -0.790809, , , 
-1.026974, -0.191746, -1.324697, , , 
-0.696602, 0.056435, -1.050865, , , 
-0.733306, -0.040357, -1.170347, , , 
-0.443270, 0.020494, -0.995930, , , 
-0.260791, -0.252413, -1.382620, , , 
-0.364971, 0.056374, -1.034412, , , 
-0.546848, 0.167475, -0.938219, , , 
-1.215645, 0.346752, -1.500603, , , 
-0.442839, 0.021172, -0.947699, , , 
-0.511964, 0.274107, -0.851274, , , 
-0.303290, 0.021831, -0.843564, , , 
-1.170783, 0.096986, -1.669471, , , 
-0.413357, 0.145062, -0.831695, , , 
-0.184705, -0.073838, -1.184781, , , 
-0.694675, -0.132949, -1.272305, , , 
-1.116850, 0.547927, -1.351197, , , 
-0.365122, 0.057467, -1.020626, , , 
-1.564631, -0.072090, -1.605802, , , 
-0.322637, 0.083327, -0.859897, , , 
-0.348146, 0.015904, -0.889820, , , 
-0.646541, 0.297384, -0.766919, , , 
-0.413402, 0.143299, -0.855730, , , 
-1.183964, 0.554251, -1.295522, , , 
-0.199127, 0.053834, -0.872328, , , 
-0.621829, -0.107310, -1.211982, , , 
-0.796422, -0.143369, -1.227660, , , 
-0.193841, -0.000364, -1.047787, , , 
-1.315569, 0.111711, -1.150181, , , 
-1.667079, 0.150479, -1.567946, , , 
-0.542723, 0.076015, -1.024565, , , 
-0.748085, -0.164369, -1.243019, , , 
-0.665098, 0.288256, -0.789969, , , 
-1.131628, 0.384684, -1.448425, , , 
-0.331281, -0.291544, -1.425303, , , 
-1.395122, 0.451082, -1.316930, , , 
-0.310861, 0.078573, -0.944821, , , 
-1.391466, 0.447973, -1.308121, , , 
-1.279165, 0.102335, -1.909743, , , 
-0.229424, -0.275029, -1.384140, , , 
-0.219707, -0.283393, -1.436199, , , 
-0.431081, 0.272866, -0.833441, , , 
-0.750922, 0.051457, -1.043119, , , 
-0.823898, 0.091024, -1.059485, , , 
-0.617706, 0.288094, -0.789878, , , 
-0.605094, 0.045001, -1.042906, , , 
-0.542671, 0.309023, -0.811839, , , 
-0.341332, 0.195112, -0.819719, , , 
-1.311959, 0.460567, -1.425237, , , 
-0.898230, -0.221160, -1.367888, , , 
-0.267007, -0.067808, -1.192881, , , 
-1.122932, 0.373643, -1.127096, , , 
-1.732702, -0.278070, -1.646718, , , 
-0.670465, -0.117766, -1.179944, , , 
-0.901289, -0.175849, -1.283706, , , 
-0.209863, 0.255235, -0.851747, , , 
-0.593846, 0.078120, -1.002539, , , 
-0.340496, 0.231082, -0.855096, , , 
-0.308845, -0.091044, -1.215799, , , 
-0.607096, -0.050796, -1.172354, , , 
0.300534, 0.046759, -1.084728, , , 
-0.063675, 0.244676, -0.824479, , , 
-0.153514, 0.243461, -0.857730, , , 
0.121968, 0.119085, -0.941313, , , 
0.058806, 0.184225, -0.906380, , , 
0.077159, 0.072991, -1.367960, , , 
0.055886, -0.033923, -1.229604, , , 
-0.603452, 0.048834, -1.036459, , , 
-0.019820, 0.203494, -0.867949, , , 
0.089537, 0.152658, -0.874874, , , 
0.014815, 0.183064, -0.900036, , , 
-0.513044, 0.114288, -0.990086, , , 
-0.019921, 0.183641, -0.845689, , , 
-0.345330, -0.168586, -1.250831, , , 
0.279982, -0.068508, -0.983003, , , 
-0.223600, 0.114770, -0.909289, , , 
-0.519237, -0.048779, -1.086518, , , 
-0.402460, 0.076121, -0.820709, , , 
-0.332888, 0.124841, -0.953924, , , 
-0.144389, 0.006232, -1.043151, , , 
0.418222, -0.042803, -0.989661, , , 
0.310108, 0.039516, -0.995018, , , 
-0.282712, 0.024018, -1.075451, , , 
-0.636019, -0.130504, -1.243878, , , 
-0.019350, 0.039216, -0.959108, , , 
-0.407889, -0.255349, -1.404006, , , 
0.484893, 0.074340, -1.073410, , , 
-0.198119, 0.085013, -0.934314, , , 
0.493704, 0.255806, -0.946988, , , 
0.268907, 0.003453, -1.153791, , , 
-0.094264, 0.206463, -0.862812, , , 
-0.209938, -0.034678, -0.966716, , , 
0.158753, 0.139403, -0.934987, , , 
0.151572, -0.041305, -1.151387, , , 
0.460189, 0.331649, -0.866734, , , 
-0.063827, 0.243417, -0.817776, , , 
-0.058979, 0.256094, -0.785961, , , 
-0.067590, 0.205002, -0.873205, , , 
0.475412, 0.232640, -0.851984, , , 
0.486221, 0.238190, -0.874282, , , 
-0.093345, 0.208812, -0.870179, , , 
-0.016838, 0.189411, -0.873941, , , 
-0.257346, 0.105374, -0.892370, , , 
0.506937, 0.229838, -0.909949, , , 
-0.276579, -0.008712, -0.987665, , , 
0.214949, 0.123006, -0.948578, , , 
0.105100, 0.124473, -0.936562, , , 
0.283785, 0.165072, -0.917927, , , 
0.228891, 0.156040, -0.891370, , , 
0.190362, 0.128718, -0.932146, , , 
0.186445, 0.123787, -0.896274, , , 
-0.040869, 0.165018, -0.900044, , , 
-0.142765, 0.060073, -1.005682, , , 
0.292796, 0.164154, -0.894010, , , 
0.469852, -0.017929, -1.070531, , , 
-0.053610, 0.249496, -0.816405, , , 
0.020105, 0.216437, -0.834770, , , 
0.183206, 0.189657, -0.846599, , , 
-0.026570, 0.252942, -0.826031, , , 
-0.063391, 0.240812, -0.802257, , , 
0.488522, 0.250843, -0.932627, , , 
0.117164, 0.144782, -0.896282, , , 
0.498365, -0.044440, -1.128664, , , 
0.454198, 0.235366, -0.878028, , , 
0.474263, 0.232186, -0.846196, , , 
0.506634, 0.249339, -0.904342, , , 
0.232123, 0.065891, -1.088192, , , 
0.192043, 0.173440, -0.913540, , , 
-0.070710, 0.290886, -0.815942, , , 
0.347818, -0.062946, -1.057307, , , 
0.134442, 0.164526, -0.886306, , , 
-0.168276, 0.005476, -1.097708, , , 
0.096505, 0.219229, -0.859433, , , 
0.466091, 0.294644, -0.704126, , , 
0.383718, 0.332452, -0.792565, , , 
-0.013180, 0.055981, -1.110862, , , 
0.470884, 0.058759, -0.895742, , , 
0.181069, 0.187431, -0.891994, , , 
0.353954, 0.303995, -0.788522, , , 
0.369931, 0.320359, -0.823095, , , 
0.469837, 0.134475, -0.996499, , , 
0.478283, 0.303466, -0.723453, , , 
0.466952, 0.337436, -0.844799, , , 
0.498399, -0.290542, -1.461206, , , 
0.837228, 0.034502, -1.181561, , , 
0.171948, 0.170584, -0.875105, , , 
0.838129, 0.043366, -1.382229, , , 
0.104732, 0.129435, -0.976456, , , 
0.734966, 0.126511, -0.924285, , , 
0.362503, 0.093080, -0.974730, , , 
0.496250, 0.134372, -0.901021, , , 
0.275698, 0.159823, -0.896324, , , 
0.353859, 0.303367, -0.783176, , , 
0.320253, 0.230303, -0.864680, , , 
0.035234, 0.170016, -0.891822, , , 
0.343355, 0.291286, -0.759886, , , 
0.445125, 0.032205, -1.013776, , , 
-0.034200, 0.194613, -0.897105, , , 
0.384656, 0.331921, -0.792536, , , 
0.141901, -0.035968, -0.938916, , , 
0.665561, 0.152830, -0.957710, , , 
0.412220, -0.182442, -1.274337, , , 
-0.091539, 0.211156, -0.863769, , , 
0.586233, 0.021358, -1.087433, , , 
0.506580, 0.198965, -0.828145, , , 
0.307871, 0.042535, -0.968415, , , 
0.286476, 0.180992, -0.900505, , , 
0.487494, 0.219603, -0.873968, , , 
0.628661, 0.163937, -1.014036, , , 
0.727154, 0.166624, -1.063011, , , 
0.318361, 0.042242, -1.110405, , , 
-0.216530, 0.111086, -0.996406, , , 
0.700777, 0.121312, -0.879063, , , 
0.454497, 0.306797, -0.869967, , , 
0.676476, 0.024272, -1.262703, , , 
0.597705, 0.135348, -0.857272, , , 
-0.197770, 0.007599, -1.123052, , , 
-0.008921, 0.051444, -1.065751, , , 
-0.210415, 0.042924, -0.940554, , , 
0.466222, 0.063214, -1.060959, , , 
0.291102, -0.129512, -0.866326, , , 
0.304476, 0.186766, -0.893389, , , 
0.474763, -0.035070, -1.030864, , , 
0.404936, -0.062615, -1.075135, , , 
0.371542, 0.094289, -0.997449, , , 
0.291171, 0.208158, -0.794334, , , 
0.659612, 0.081811, -1.244247, , , 
0.408012, -0.183560, -1.234205, , , 
-0.137746, 0.110003, -1.010818, , , 
0.470132, 0.299625, -0.829044, , , 
0.428191, 0.268054, -0.744523, , , 
0.352655, 0.303584, -0.725006, , , 
0.194996, 0.111027, -0.945692, , , 
0.628048, 0.030357, -1.117480, , , 
0.464094, 0.294614, -0.821259, , , 
0.306736, 0.205308, -0.856495, , , 
1.162884, 0.716282, -1.797237, , , 
0.520525, 0.136776, -0.945894, , , 
0.472603, -0.033414, -1.187747, , , 
-0.369997, -0.144719, -1.191411, , , 
-0.532681, -0.175409, -1.305731, , , 
0.146042, 0.113364, -0.954824, , , 
-0.262514, -0.093732, -1.177266, , , 
0.154114, 0.137609, -0.919319, , , 
-0.535677, -0.178051, -1.297971, , , 
-0.296623, 0.279011, -0.834823, , , 
-0.106446, 0.183281, -0.887203, , , 
-0.463752, 0.295797, -0.819315, , , 
-0.398039, 0.163237, -0.833966, , , 
-0.673560, 0.061041, -1.033889, , , 
-0.307036, -0.272684, -1.419956, , , 
-0.480090, 0.204704, -0.909082, , , 
-0.373145, -0.195660, -1.340226, , , 
-0.300691, 0.279370, -0.849481, , , 
0.136477, 0.036936, -1.082371, , , 
-0.541251, -0.265866, -1.420960, , , 
-0.663729, -0.224972, -1.334646, , , 
-0.499039, -0.137615, -1.224550, , , 
-0.809974, -0.244705, -1.373380, , , 
-0.393222, -0.199592, -1.339502, , , 
-0.550322, 0.227000, -0.882017, , , 
-0.468858, 0.080571, -1.000329, , , 
-0.427431, -0.086780, -1.109300, , , 
-0.277939, -0.211311, -1.342970, , , 
-0.059900, 0.196553, -0.868046, , , 
-0.319492, -0.332245, -1.465741, , , 
-0.365900, -0.168341, -1.294434, , , 
-1.030265, -0.483194, -1.672325, , , 
-0.301530, -0.569728, -1.740423, , , 
-0.557830, 0.188014, -0.904274, , , 
-0.290848, -0.384646, -1.557656, , , 
-0.301503, -0.562441, -1.717220, , , 
-0.885044, -0.145906, -1.272195, , , 
-0.406186, -0.332898, -1.438024, , , 
-0.264896, 0.140367, -0.920498, , , 
-0.301627, -0.565302, -1.725324, , , 
-0.413573, -0.078347, -1.198584, , , 
-0.819317, -0.239666, -1.347256, , , 
0.097314, 0.059150, -1.041449, , , 
-1.838681, -0.635526, -2.766094, , , 
-0.192108, 0.015262, -0.979707, , , 
-0.823875, -0.245215, -1.354811, , , 
-0.262707, -0.253848, -1.401413, , , 
-1.251503, -0.527110, -1.809665, , , 
-0.521943, -0.046727, -1.088903, , , 
-0.043234, -0.391642, -1.077429, , , 
-0.204857, -0.081120, -1.152814, , , 
-0.543434, 0.167021, -0.930627, , , 
-0.515089, -0.166394, -1.253429, , , 
-0.722179, 0.012189, -1.112241, , , 
-0.662178, -0.065875, -1.181221, , , 
-0.288522, -0.407542, -1.729545, , , 
-0.101080, -0.266562, -0.807963, , , 
-0.675243, 0.092402, -1.001227, , , 
-0.521482, -0.084883, -1.108010, , , 
-0.974901, -0.232949, -1.356354, , , 
-0.641126, 0.051748, -1.041920, , , 
-0.325090, 0.291870, -0.831826, , , 
-0.743279, -0.039419, -1.176146, , , 
-0.507664, -0.207472, -1.349116, , , 
-0.314517, 0.047468, -0.962977, , , 
-0.642967, 0.051586, -1.042953, , , 
-0.027884, 0.221670, -0.853759, , , 
-0.243355, 0.109052, -0.905213, , , 
-0.564686, 0.326097, -0.762320, , , 
-0.605116, 0.312168, -0.755457, , , 
-0.560684, 0.231735, -0.857754, , , 
-0.604009, 0.307605, -0.745068, , , 
-0.432579, 0.198156, -0.991759, , , 
-0.050882, 0.231145, -0.843850, , , 
-0.593209, 0.390105, -0.700192, , , 
-0.574685, 0.338120, -0.780830, , , 
-0.466222, 0.271369, -0.840405, , , 
-0.412300, -0.080246, -1.184791, , , 
-0.149248, 0.325212, -0.783752, , , 
-0.371544, -0.119720, -1.185581, , , 
-0.522076, 0.391683, -0.722019, , , 
-0.142598, 0.337695, -0.798542, , , 
0.030617, 0.060412, -1.023311, , , 
-0.288313, 0.146624, -0.917642, , , 
-0.296851, 0.277314, -0.830503, , , 
-0.605649, 0.399467, -0.719768, , , 
-0.093309, 0.250491, -0.844538, , , 
-0.522679, 0.390673, -0.723686, , , 
-0.507332, 0.272617, -0.878790, , , 
-0.383651, 0.216217, -0.871489, , , 
-0.480316, 0.250948, -0.867007, , , 
-0.523891, 0.390858, -0.724733, , , 
-0.294321, 0.278289, -0.827288, , , 
-0.263154, -0.034817, -1.004607, , , 
-0.422416, 0.067586, -0.894016, , , 
-0.563825, 0.355215, -0.761760, , , 
-0.475918, 0.213998, -0.900261, , , 
-0.615793, 0.360073, -0.725096, , , 
-0.325713, 0.077334, -0.802452, , , 
-0.463692, 0.032136, -0.953134, , , 
-0.492725, 0.468789, -0.701964, , , 
-0.117635, 0.017027, -1.125221, , , 
-0.267056, -0.065456, -1.171231, , , 
-0.332784, 0.424652, -0.665143, , , 
0.185912, 0.187970, -0.903596, , , 
-0.277963, 0.064727, -0.919375, , , 
-0.349990, 0.163991, -0.794382, , , 
-0.400354, 0.401965, -0.697663, , , 
-0.434015, 0.103299, -0.900687, , , 
-0.228398, 0.402543, -0.680736, , , 
-0.478551, 0.088179, -1.047908, , , 
-0.566958, 0.357758, -0.771927, , , 
-0.699387, -0.043395, -1.151694, , , 
-0.004951, 0.249407, -0.833229, , , 
-0.205943, 0.043440, -0.913016, , , 
-0.657188, -0.070775, -1.143741, , , 
-0.531672, 0.320420, -0.808897, , , 
0.122152, 0.003099, -1.014904, , , 
-0.400129, 0.401664, -0.699322, , , 
-0.129227, 0.171292, -0.922397, , , 
-0.010669, 0.246014, -0.810862, , , 
-0.538567, 0.159574, -0.985013, , , 
-0.660841, -0.061623, -1.178424, , , 
-0.396239, -0.161534, -1.198636, , , 
-0.560833, 0.208636, -0.909730, , , 
-0.411293, -0.078516, -1.189184, , , 
-0.997403, -0.148996, -1.329685, , , 
-0.313387, -0.336757, -1.499013, , , 
-0.725177, 0.093714, -1.002206, , , 
-0.536947, -0.541064, -1.677832, , , 
-0.427339, -0.085412, -1.110691, , , 
0.106454, 0.124181, -0.940774, , , 
-0.906985, -0.649966, -2.094167, , , 
-1.392628, -0.565929, -2.027273, , , 
-0.322598, -0.751997, -1.996175, , , 
-0.319809, -0.730619, -1.923272, , , 
-0.829079, -0.238771, -1.363936, , , 
-0.328270, -0.757808, -2.008499, , , 
-0.608933, -0.059933, -1.173942, , , 
-0.524554, -0.090527, -1.125446, , , 
-0.050986, -0.383639, -1.041017, , , 
-0.452283, -0.729210, -1.966278, , , 
-1.249934, -0.898393, -2.112825, , , 
-0.198276, -0.264185, -0.809830, , , 
-1.055260, -0.926979, -2.156392, , , 
-0.703639, -0.114911, -1.208140, , , 
-0.200399, -0.028839, -1.132629, , , 
-0.235836, -0.104011, -1.227575, , , 
-1.632668, -0.579464, -2.430598, , , 
-0.589433, 0.098174, -0.959961, , , 
-0.080279, -0.001153, -0.986371, , , 
-1.373983, -0.984085, -2.352743, , , 
-0.467369, -0.768309, -2.098734, , , 
-0.317549, -0.173865, -1.121062, , , 
-0.485414, -0.132219, -1.160008, , , 
-0.546413, -0.662572, -2.042112, , , 
-0.474278, -0.841456, -1.916398, , , 
-1.946810, -1.004890, -2.492403, , , 
-1.034925, -0.489003, -1.686830, , , 
-1.086855, -0.949520, -2.213057, , , 
-0.566453, -0.843603, -1.816911, , , 
-0.199536, -0.027707, -1.124660, , , 
-0.306426, -0.136394, -1.256394, , , 
-1.196929, -0.757261, -1.986391, , , 
0.021226, 0.070327, -1.084949, , , 
-0.571172, -0.852407, -1.835889, , , 
-0.571959, -0.860324, -1.851990, , , 
-0.415976, 0.009451, -0.943967, , , 
-0.359621, -0.014571, -0.995395, , , 
-1.923107, -0.991880, -2.455575, , , 
-1.058773, -0.928615, -2.157703, , , 
-0.571709, -0.707326, -2.190723, , , 
0.077834, 0.072545, -1.255463, , , 
-0.353627, 0.021557, -0.919111, , , 
-0.037127, 0.034200, -1.052106, , , 
-0.530091, -0.542490, -1.657237, , , 
-0.059324, -0.008149, -0.966456, , , 
-0.352051, 0.017232, -0.908974, , , 
-0.751558, 0.050799, -1.046317, , , 
-0.513062, -0.180694, -1.313715, , , 
-1.386271, -0.993301, -2.378694, , , 
-1.144388, -0.902223, -2.188009, , , 
-0.756922, 0.099768, -1.017898, , , 
-0.962892, -0.257321, -1.384532, , , 
0.033825, -0.395163, -1.062762, , , 
-0.349142, 0.014738, -0.891912, , , 
-0.104592, -0.265052, -0.798040, , , 
-0.276195, -0.335756, -1.537488, , , 
-0.749133, -0.518427, -1.663658, , , 
-0.145144, -0.361503, -1.207197, , , 
-0.514492, -0.173412, -1.290951, , , 
-0.084582, -0.007635, -0.956531, , , 
-0.415707, 0.010953, -0.943568, , , 
0.170026, -0.015482, -1.137573, , , 
-0.413660, 0.007718, -0.937707, , , 
-0.701836, 0.020327, -1.066439, , , 
-0.256528, -0.245700, -1.322873, , , 
-0.454517, -0.192158, -1.502064, , , 
-0.697065, -0.088527, -1.150026, , , 
-0.268449, -0.242019, -1.370495, , , 
-0.466381, 0.043568, -1.143320, , , 
-0.520251, -0.048022, -1.075693, , , 
-0.149157, -0.587517, -1.251129, , , 
0.108443, -0.612237, -1.281257, , , 
-0.696295, -0.116218, -1.191446, , , 
-0.787121, -0.268677, -1.385997, , , 
-0.723667, 0.093388, -0.999077, , , 
-0.739324, -0.204004, -1.281353, , , 
-0.271288, -0.214047, -1.332009, , , 
0.048680, -0.304460, -0.810667, , , 
-0.628257, -0.078349, -1.190330, , , 
-0.420238, 0.004440, -0.963373, , , 
-0.387961, -0.022685, -0.834229, , , 
-0.352649, -0.898772, -2.101594, , , 
-0.778089, -0.200130, -1.288065, , , 
-1.261292, -0.571249, -1.737546, , , 
0.123222, -0.033977, -1.012300, , , 
-0.467481, 0.080133, -0.997493, , , 
-0.277237, -0.212005, -1.350913, , , 
-0.301206, -0.144097, -1.258833, , , 
-0.316832, -0.338296, -1.503514, , , 
-0.526522, -0.089417, -1.127084, , , 
0.120334, -0.035501, -1.005735, , , 
-0.085092, -0.000104, -0.979363, , , 
0.235255, -1.051924, -2.118043, , , 
0.418337, -1.401080, -2.883974, , , 
-0.421243, 0.003295, -1.091170, , , 
0.112059, -0.619242, -1.298530, , , 
-0.603110, -0.051419, -1.170364, , , 
-0.404331, -0.255527, -1.397757, , , 
-0.706674, 0.022772, -1.073891, , , 
-0.648514, -0.196942, -1.326504, , , 
-0.932282, -0.251383, -1.313551, , , 
-0.203825, -0.124113, -1.220880, , , 
-0.356682, 0.073457, -1.039261, , , 
-0.336255, -0.295967, -1.370036, , , 
-1.656193, -0.591078, -2.429293, , , 
-0.503533, 0.281549, -0.836635, , , 
-0.966953, -0.262817, -1.400801, , , 
-0.093339, 0.209291, -0.869887, , , 
-0.750852, -0.211567, -1.309958, , , 
-0.688930, 0.341733, -0.772769, , , 
-0.940101, -0.025820, -1.193460, , , 
-0.469161, 0.252030, -0.840328, , , 
-0.074312, 0.174048, -0.894418, , , 
-0.370333, 0.214995, -0.861880, , , 
-0.540821, 0.311365, -0.808953, , , 
-0.066905, 0.327813, -0.774012, , , 
-0.560343, 0.231467, -0.862932, , , 
-0.225614, 0.353000, -0.750432, , , 
-0.033434, 0.033945, -1.068534, , , 
-0.497589, 0.386231, -0.732834, , , 
-0.070178, 0.288639, -0.814994, , , 
-0.305988, 0.107057, -0.787261, , , 
-0.216343, -0.175229, -1.316229, , , 
-0.073589, 0.174201, -0.894285, , , 
-0.291077, 0.180700, -0.934639, , , 
-0.485186, 0.361303, -0.737776, , , 
0.156952, -0.005322, -1.105234, , , 
-0.289711, 0.181723, -0.923105, , , 
-0.027874, 0.253645, -0.820417, , , 
-0.287811, 0.179153, -0.919874, , , 
-0.317596, 0.149039, -0.843721, , , 
-0.523314, 0.387770, -0.726034, , , 
-0.339489, -0.183921, -1.260814, , , 
-0.207824, -0.168829, -1.315797, , , 
-0.400595, 0.404278, -0.705038, , , 
-0.659221, -0.057141, -1.163244, , , 
-0.315035, 0.048180, -0.975322, , , 
-0.226648, 0.353931, -0.749748, , , 
-0.295571, 0.118904, -0.846431, , , 
0.077290, 0.140630, -0.933826, , , 
-0.670269, 0.088453, -1.008592, , , 
-0.529497, 0.164039, -0.952150, , , 
-0.466443, 0.098713, -1.005682, , , 
-0.460064, 0.101085, -0.984323, , , 
-0.219489, 0.399540, -0.703820, , , 
-0.078290, -0.001240, -0.992840, , , 
-0.601816, 0.461269, -0.665346, , , 
-0.337896, 0.417613, -0.650095, , , 
-0.055112, -0.013248, -0.996709, , , 
-0.515150, 0.157108, -0.954136, , , 
-0.511052, 0.451716, -0.697744, , , 
-0.585574, 0.256946, -0.840681, , , 
-0.231885, 0.412961, -0.713328, , , 
-0.358424, 0.165062, -0.821593, , , 
-0.491649, 0.470542, -0.701349, , , 
-0.404460, 0.406041, -0.712430, , , 
-0.335157, 0.427365, -0.678435, , , 
-0.512995, 0.236515, -0.888330, , , 
-0.487362, 0.198799, -0.897102, , , 
-0.061481, 0.277705, -0.959944, , , 
-0.435226, 0.276621, -0.824111, , , 
-0.006571, 0.245825, -0.832828, , , 
-0.362807, 0.949562, -1.585853, , , 
-0.367161, 0.969658, -1.620755, , , 
-0.528318, 0.110306, -1.024588, , , 
0.302438, 0.738095, -1.395220, , , 
-0.375421, 0.991027, -1.666612, , , 
-0.161588, 0.910208, -1.626640, , , 
0.201095, 0.952562, -1.634601, , , 
-0.222917, 0.107323, -0.851196, , , 
0.391279, 0.827693, -1.653859, , , 
-0.238949, 1.000700, -1.734949, , , 
0.057763, 1.032706, -1.899153, , , 
0.210282, 0.970878, -1.673163, , , 
-0.163560, 0.927144, -1.672188, , , 
-0.323169, 0.419157, -0.670629, , , 
-0.293440, 0.146953, -0.913244, , , 
-0.307560, 0.107062, -0.796308, , , 
-0.363720, 0.968894, -1.630061, , , 
-0.513645, 0.287354, -0.814284, , , 
-0.045995, 0.352022, -0.740930, , , 
-0.219124, 0.398812, -0.695624, , , 
-0.564582, 0.358903, -0.769650, , , 
-0.020803, 0.255557, -0.853931, , , 
-0.462764, 0.294224, -0.816766, , , 
-0.517519, 0.066568, -1.012947, , , 
0.005491, 0.210664, -0.859766, , , 
-0.513428, 0.152720, -0.964690, , , 
0.081001, 0.742163, -1.426339, , , 
0.009349, 0.937646, -1.809898, , , 
-0.118367, 0.015369, -1.149143, , , 
-0.043213, 0.367229, -0.765987, , , 
-0.060024, 0.226880, -1.032349, , , 
0.186138, 0.617847, -1.071415, , , 
0.164191, 0.882728, -1.475076, , , 
-0.045054, 0.366503, -0.760781, , , 
-0.028383, 0.219282, -0.845749, , , 
0.313781, 0.755029, -1.447127, , , 
-0.056620, 0.690953, -1.191089, , , 
-0.311659, 0.406865, -0.710355, , , 
-0.301767, 0.129377, -0.818689, , , 
-0.155763, 0.246669, -0.867484, , , 
0.013804, 0.227388, -0.850301, , , 
-0.166313, 0.804468, -1.379994, , , 
-0.153182, 1.071050, -2.007239, , , 
-0.464252, 0.443856, -0.704681, , , 
-0.553989, 0.211274, -0.898112, , , 
0.145571, 0.701457, -1.266211, , , 
0.015727, 0.224709, -0.863890, , , 
-0.338104, 0.433081, -0.687800, , , 
-0.493020, 0.470079, -0.703927, , , 
-0.302715, 0.129885, -0.816503, , , 
-0.544394, 0.128126, -0.987632, , , 
-0.434374, 0.271712, -0.838844, , , 
-0.224956, 0.421611, -0.736098, , , 
0.066604, 0.136765, -0.914634, , , 
-0.623657, 0.299585, -0.924934, , , 
-0.499665, 0.446100, -0.685903, , , 
-0.022364, 0.757470, -1.254776, , , 
-0.608539, 0.459473, -0.674619, , , 
-0.298164, 0.143198, -0.829419, , , 
-0.248812, 0.161683, -0.943366, , , 
-0.503769, 0.178899, -0.942327, , , 
-0.462627, 0.078442, -0.981741, , , 
-0.285380, 0.150669, -0.918162, , , 
-0.045735, 0.260093, -0.834172, , , 
-0.397835, 0.141670, -0.808946, , , 
-0.202226, -0.010954, -0.939990, , , 
-0.027282, 0.188528, -0.878710, , , 
-0.735755, 0.129446, -0.960173, , , 
-0.245487, 0.108822, -0.904336, , , 
-0.217285, 0.253857, -0.850336, , , 
-0.052651, 0.256492, -0.799315, , , 
-0.701287, 0.021876, -1.063592, , , 
-0.357047, 0.124882, -0.800670, , , 
-0.255325, 0.266438, -0.843271, , , 
-0.524859, 0.133803, -0.983976, , , 
-0.742128, -0.512094, -1.633718, , , 
-0.234875, -0.105554, -1.196529, , , 
-0.220082, -0.180789, -1.348862, , , 
-0.275705, -0.340526, -1.475337, , , 
-0.443863, -0.738130, -1.994441, , , 
-0.466323, -0.312407, -1.468163, , , 
-0.479179, -0.233795, -1.341542, , , 
-0.337126, 0.106253, -0.950319, , , 
-0.898227, -0.681355, -2.096072, , , 
-0.600500, -0.049394, -1.169363, , , 
-0.211633, 0.055041, -1.030204, , , 
-0.286733, 0.014149, -0.918044, , , 
-0.043756, -0.536010, -1.097247, , , 
-0.437414, 0.115577, -0.958459, , , 
-0.475493, -0.563837, -1.733631, , , 
-0.359454, 0.013643, -1.088425, , , 
-0.296821, 0.051685, -1.015005, , , 
-0.454827, -0.827381, -1.883810, , , 
-0.281809, -0.005378, -1.019505, , , 
-0.279535, 0.013854, -0.893023, , , 
-0.492361, -0.588865, -1.829513, , , 
-0.201389, -0.263856, -0.815649, , , 
-0.282624, 0.027441, -0.941306, , , 
-0.307384, -0.106893, -1.358089, , , 
-0.645876, -0.069126, -1.164218, , , 
-0.741747, -0.161153, -1.227469, , , 
-0.298188, -0.113773, -1.234061, , , 
-0.608263, 0.074635, -1.011027, , , 
-0.465883, -0.193211, -1.540164, , , 
-0.250754, -0.913900, -1.899233, , , 
-0.280051, 0.020165, -0.913100, , , 
-0.260038, -0.228635, -1.329531, , , 
0.040504, -0.041840, -0.957138, , , 
0.037940, -0.038157, -0.968601, , , 
-0.189213, 0.007064, -0.949307, , , 
-0.206812, -0.125979, -1.207260, , , 
0.156228, -0.018682, -1.091679, , , 
-1.509246, -0.635322, -2.073313, , , 
-0.280991, 0.068483, -0.926903, , , 
-0.285546, -0.002835, -1.027976, , , 
-0.793585, -0.940104, -2.248919, , , 
-0.708344, -0.087591, -1.177043, , , 
-0.353760, 0.073104, -1.036212, , , 
-0.474471, 0.209027, -0.895928, , , 
-0.477823, 0.214737, -0.906426, , , 
-0.802372, -0.951770, -2.276316, , , 
-0.394143, -0.200480, -1.355448, , , 
-0.343348, 0.074282, -0.979567, , , 
-0.391368, -0.275054, -1.437338, , , 
-0.316681, 0.153587, -0.861602, , , 
-1.218746, -0.904522, -2.186375, , , 
-0.688262, 0.057278, -1.037036, , , 
-0.047405, 0.040204, -0.981239, , , 
-0.886431, -0.211686, -1.336880, , , 
-0.451598, 0.379406, -0.726371, , , 
-0.402060, -0.016228, -1.000094, , , 
0.002149, 0.158832, -0.911925, , , 
-0.404035, 0.063744, -0.888189, , , 
-0.738099, -0.034022, -1.156015, , , 
-0.629874, 0.364948, -0.742697, , , 
-0.610355, 0.251396, -0.869582, , , 
-0.532172, 0.319845, -0.800653, , , 
-0.203601, 0.030985, -0.947010, , , 
0.062264, 0.135700, -0.897695, , , 
-0.057716, -0.013854, -0.993364, , , 
-0.534074, 0.149543, -0.974992, , , 
-0.273016, 0.147202, -0.921489, , , 
-0.031767, 0.188188, -0.858778, , , 
-0.337028, 0.233393, -0.856913, , , 
-0.239711, 0.108663, -0.898873, , , 
-0.916049, -0.017051, -1.265607, , , 
-0.485660, 0.361385, -0.739425, , , 
-0.563982, 0.325544, -0.759539, , , 
-0.282732, -0.011908, -0.942945, , , 
-0.294139, 0.004064, -0.966110, , , 
-0.289070, 0.008601, -0.931525, , , 
-0.453805, 0.380088, -0.729195, , , 
-0.573043, 0.167299, -0.949741, , , 
-0.406353, -0.071164, -1.157946, , , 
-0.078805, 0.279983, -0.792081, , , 
-0.256425, 0.101325, -0.910393, , , 
-0.223353, 0.363274, -0.744490, , , 
-0.317230, 0.149715, -0.798759, , , 
-0.003181, 0.154290, -0.904858, , , 
-0.666423, 0.283483, -0.817203, , , 
-0.255634, 0.105194, -0.907157, , , 
-0.344769, 0.014655, -1.010719, , , 
-0.222393, 0.360087, -0.734404, , , 
-0.617417, -0.049794, -1.171508, , , 
-0.066574, 0.367166, -0.723941, , , 
-0.250535, 0.281764, -0.834921, , , 
-0.448353, 0.241530, -0.870570, , , 
-0.353560, 0.303836, -0.767912, , , 
-0.347994, 0.167562, -0.798960, , , 
-0.595577, 0.397438, -0.713505, , , 
0.134475, 0.001604, -1.042967, , , 
0.047877, 0.744744, -1.254025, , , 
-0.482837, 0.461404, -0.684946, , , 
-0.186186, 0.235423, -0.880587, , , 
0.156102, 0.138635, -0.929988, , , 
-0.333868, 0.840640, -1.329782, , , 
-0.482530, 0.362647, -0.734982, , , 
0.075139, 0.133415, -0.946642, , , 
0.076069, 0.133842, -0.942624, , , 
-0.004276, 0.813703, -1.364361, , , 
-0.478853, 0.249709, -0.874351, , , 
-0.507233, 0.166422, -0.956089, , , 
0.090531, -0.038408, -1.039976, , , 
0.150920, -0.036163, -1.008785, , , 
-0.079848, 0.279703, -0.763751, , , 
-0.340235, 0.196467, -0.822134, , , 
-0.341356, 0.196261, -0.825232, , , 
0.070807, -0.027738, -0.989591, , , 
-0.209856, -0.090333, -1.199422, , , 
-0.068612, 0.264544, -0.803418, , , 
-0.570779, 0.331602, -0.716130, , , 
-0.609064, 0.073734, -1.017871, , , 
-0.360387, 0.123159, -0.802740, , , 
-0.092400, 0.210126, -0.878172, , , 
-0.370579, 0.315487, -0.778613, , , 
-0.449473, 0.018043, -0.937930, , , 
-0.212366, -0.060959, -1.252416, , , 
-0.349987, 0.014990, -0.900481, , , 
-0.067465, 0.264805, -0.808548, , , 
-0.510548, 0.234852, -0.890928, , , 
-0.542177, 0.316322, -0.808629, , , 
0.130068, 0.040593, -1.059881, , , 
-0.582374, 0.238987, -0.828057, , , 
0.121618, 0.205706, -0.866644, , , 
-0.441530, 0.103777, -0.932332, , , 
-0.647803, 0.279210, -0.793009, , , 
-0.523025, 0.391550, -0.723436, , , 
-0.611453, 0.002071, -1.067418, , , 
-0.049559, -0.008865, -0.977772, , , 
-0.214511, -0.165126, -1.273351, , , 
-0.563225, 0.325667, -0.759740, , , 
-0.263057, -0.055115, -1.117386, , , 
0.072649, -0.029039, -0.994704, , , 
-0.082646, 0.002749, -0.951056, , , 
0.102153, -0.028444, -0.988162, , , 
-0.519992, 0.196671, -0.814839, , , 
-0.563697, 0.233742, -0.861811, , , 
-0.072065, 0.365159, -0.718684, , , 
-0.012631, -0.019233, -0.999237, , , 
0.049928, 0.179286, -0.857758, , , 
-0.230026, 0.107561, -0.914810, , , 
-0.306863, 0.223573, -0.873472, , , 
-0.776773, -0.200742, -1.283164, , , 
-0.469664, -0.121401, -1.121734, , , 
-0.325788, 0.426410, -0.683198, , , 
-0.145128, 0.326633, -0.747855, , , 
-0.128892, 0.032483, -0.956645, , , 
-0.074770, 0.218605, -0.849891, , , 
-0.453905, 0.310498, -0.763510, , , 
-0.209894, 0.272598, -0.845517, , , 
-0.347263, 0.181409, -0.810830, , , 
-0.607395, 0.314767, -0.760371, , , 
0.040911, 0.055026, -1.107024, , , 
-0.297037, 0.387855, -0.719270, , , 
-0.735978, 0.507993, -0.871485, , , 
-0.647805, 0.343421, -0.749363, , , 
-0.425319, 0.317357, -0.773137, , , 
-0.363326, 0.309536, -0.768870, , , 
-0.321850, 0.226033, -0.791642, , , 
-0.396606, 0.413451, -0.692935, , , 
-0.071792, 0.366303, -0.723011, , , 
-0.293740, 0.094637, -0.710027, , , 
0.137865, 0.013693, -1.045696, , , 
-0.297896, 0.287862, -0.860426, , , 
-0.436548, 0.060434, -0.909515, , , 
-0.198305, 0.067691, -0.749520, , , 
-0.470623, 0.307751, -0.682719, , , 
-0.428870, 0.252080, -0.740263, , , 
-0.316089, 0.073007, -0.935885, , , 
-0.054076, -0.008702, -0.971384, , , 
-0.357415, 0.010258, -0.926364, , , 
-0.398657, 0.414302, -0.696500, , , 
-0.602263, 0.398528, -0.717869, , , 
-0.161894, 0.345710, -0.752017, , , 
0.072467, -0.030913, -1.016471, , , 
-0.667606, 0.069484, -1.020409, , , 
-0.218818, -0.175964, -1.465295, , , 
-0.322701, 0.290753, -0.821746, , , 
-0.218566, 0.397298, -0.692095, , , 
0.003898, 0.156331, -0.931208, , , 
-0.179782, 0.001293, -1.027833, , , 
-0.723855, -0.034791, -1.144527, , , 
-0.527374, 0.199715, -0.900621, , , 
-0.522048, 0.217541, -0.888181, , , 
-0.556381, 0.233088, -0.889538, , , 
-0.556414, 0.187128, -0.911899, , , 
0.064039, -0.025960, -0.987380, , , 
-0.341818, 0.299066, -0.792306, , , 
-0.627905, 0.277232, -0.785815, , , 
0.067660, 0.207362, -0.861531, , , 
-0.506222, 0.232080, -0.873066, , , 
-0.245447, 0.308698, -0.793016, , , 
-0.046325, 0.351369, -0.733979, , , 
-0.343945, 0.409452, -0.709201, , , 
-0.630673, 0.060113, -1.028427, , , 
0.055407, 0.166043, -0.906110, , , 
-0.351633, 0.226936, -0.859446, , , 
-0.539814, 0.207344, -0.922113, , , 
-0.224551, 0.107468, -0.883619, , , 
-0.515855, -0.225490, -1.354592, , , 
-0.790574, -0.095051, -1.154560, , , 
-0.949828, -0.277476, -1.401876, , , 
-0.488955, 0.172340, -0.928065, , , 
0.070471, 0.248403, -0.829768, , , 
-0.178311, 0.334568, -0.768311, , , 
-0.225316, 0.358924, -0.754498, , , 
0.326862, -0.070891, -1.627029, , , 
-0.368011, -0.141661, -1.224646, , , 
-0.349568, 0.225815, -0.850206, , , 
-0.004512, 0.355613, -0.742156, , , 
-0.250449, -0.025347, -0.981400, , , 
-0.417902, -0.034349, -1.076174, , , 
-0.210486, -0.085975, -1.153433, , , 
-0.501976, 0.388839, -0.730829, , , 
-0.210327, -0.134498, -1.231621, , , 
-0.431239, 0.101983, -0.902854, , , 
-0.703575, 0.092549, -0.966269, , , 
0.070314, 0.320669, -0.804543, , , 
0.136526, 0.038233, -1.082712, , , 
0.114026, 0.130449, -1.008331, , , 
-0.478650, -0.177408, -1.272601, , , 
0.075398, 0.133627, -0.947108, , , 
-0.226840, 0.107188, -0.893519, , , 
-0.231858, 0.132264, -0.174358, , , 
-0.519074, 0.283815, -0.825162, , , 
-0.789124, 0.210106, -0.921397, , , 
-0.428237, 0.270739, -0.823985, , , 
-0.180111, 0.013674, -0.939439, , , 
-0.097026, 0.248500, -0.688804, , , 
-0.086509, 0.011616, -0.924786, , , 
-0.058250, 0.185828, -1.008686, , , 
-0.491396, 0.294186, -0.766600, , , 
-0.502865, 0.294332, -0.804136, , , 
-0.351587, 0.305490, -0.809509, , , 
-0.386851, 0.032155, -0.977899, , , 
-0.300530, -0.110500, -1.210473, , , 
-0.511495, 0.197456, -0.958436, , , 
-0.349356, 0.181111, -0.813023, , , 
